x,y,labels,distance,labels_clustering,outlier,distance_norm,rule_applies
1.6145799482244692,-0.1004197605552046,0.0,0.5072499137526393,0,False,0.8107785183489863,False
1.0198878249131398,0.3125670865072203,0.0,0.21704642824320544,0,False,0.33355378779415323,False
1.4939486294662971,0.4173924915630471,0.0,0.3825191090761441,0,False,0.6056651147344977,False
0.9856136178632046,0.1180677553063417,0.0,0.2167228179173738,0,False,0.3330216272300626,False
0.6841163971221067,0.219824894442935,0.0,0.5101875277036013,0,False,0.8156092736507741,False
1.395998643145414,0.7416877575839302,0.0,0.5959237846552492,0,False,0.9565981458233654,False
1.2960659280189148,-0.0590261748916988,0.0,0.26169329509315925,0,False,0.40697326780206683,False
1.0219240676239212,-0.0768733110202568,0.0,0.30976262573251767,0,False,0.4860208137750227,False
1.5065508280847817,0.550520813299624,0.0,0.4843668450015278,0,False,0.7731484867873499,False
1.4166322200021333,-0.0878986988375416,0.0,0.3501805559945586,0,False,0.5524860247115037,False
0.7140211421419974,-0.1623069326958247,0.0,0.5894563919717438,0,False,0.9459628506429504,False
1.2954496383231495,0.393429691744494,0.0,0.23549439754535015,0,False,0.3638905260454023,False
1.2717121069048594,0.0901747174781012,0.0,0.1206237500622795,0,False,0.17499164463625552,False
0.8616568674937184,0.5240830437828741,0.0,0.4765376547101482,0,False,0.7602737853663544,True
1.201792927722572,0.3418128105798228,0.0,0.16060535921163507,0,False,0.24073934790713716,False
1.2332715247543635,0.4150074739989021,0.0,0.2370219361517939,0,False,0.36640248484766325,False
1.342343515303241,0.0281025479733005,0.0,0.21415626204736904,0,False,0.32880105788932285,False
1.5611679803619578,0.151440451377488,0.0,0.3695299208701948,0,False,0.5843050616985094,False
1.498484313923762,0.4387329464403288,0.0,0.3994973458504569,0,False,0.633584953311537,False
1.4820237911204492,0.4780772721561971,0.0,0.4142466891582873,0,False,0.6578394910321437,False
1.2334373349446612,0.3023226192594814,0.0,0.1274962857465831,0,False,0.18629317667820486,False
1.116102531070687,-0.1508033508871246,0.0,0.3410101589517105,0,False,0.537405777655988,False
1.2961767471928176,0.0291913278078867,0.0,0.18400842488349517,0,False,0.2792244877041484,False
1.4298860283325694,0.1574439748417684,0.0,0.23824009293562085,0,False,0.3684056811287653,False
1.1880813722136114,0.1651838488583002,0.0,0.016959174416339977,0,False,0.004520572954015513,False
0.8076320469923857,0.2259716403203119,0.0,0.3877905667431242,0,False,0.6143337561890951,False
1.1242920705746426,-0.0835135191392428,0.0,0.2736975496474977,0,False,0.42671364802234363,False
0.9000131703913764,0.4501344751136528,0.0,0.3974252188814445,0,False,0.6301774469105493,False
1.3489632271828114,-0.2493906352385495,0.0,0.4582547552560939,0,False,0.7302084960042853,False
1.3263652914521191,0.0823075428271016,0.0,0.16629594121180205,0,False,0.2500972178064688,False
0.950950970892274,-0.055478727983963,0.0,0.33861138639902305,0,False,0.5334611193652405,False
1.0393754088189513,0.0218966673784839,0.0,0.22139662622306927,0,False,0.34070746499812055,False
1.176792724822242,0.5874876784838855,0.0,0.40634930251869505,0,False,0.6448526442182578,False
1.0083115500151691,0.0076904630027907,0.0,0.25348038632229336,0,False,0.39346756104472846,False
0.9532631813686702,0.504230742897507,0.0,0.40198217339393283,0,False,0.6376711246158854,True
1.345752405529219,0.0283644550980438,0.0,0.21636408379100672,0,False,0.332431707379528,False
1.425161516889222,0.1731809236455765,0.0,0.23244974921935052,0,False,0.3588837582098652,False
1.2993659004063036,0.0231826350926714,0.0,0.19077261789175742,0,False,0.29034785577852634,False
1.3201458181492511,0.2812102961413878,0.0,0.16171827713110698,0,False,0.24256948427961142,False
0.9969248475466154,0.3876529156039188,0.0,0.28444218202532545,0,False,0.44438264425241436,False
0.9327452660054256,0.3618250812254294,0.0,0.3165314763421889,0,False,0.4971518410357593,False
1.1263734292954006,0.1715270606882925,0.0,0.06722300419357431,0,False,0.08717686007609035,False
0.9358271786311738,0.7482124212683734,0.0,0.6223167365565219,0,False,1.0,True
1.25418928956775,-0.1353278108463471,0.0,0.32266615746406874,0,False,0.5072400091371508,False
1.146042539252412,0.2689708363013626,0.0,0.09925027549068395,0,False,0.13984406318820747,False
0.8062602633986098,0.4086585648860734,0.0,0.44841902430143404,0,False,0.7140341414943536,False
1.2413703558127622,0.1319924324326121,0.0,0.06928201111135136,0,False,0.0905627912265098,False
1.2250854900407284,-0.0122964320473292,0.0,0.196414334147001,0,False,0.29962536846948923,False
1.393504093555371,-0.1918944904079216,0.0,0.42385031125599343,0,False,0.6736321544451379,False
1.2143008248923437,0.6255383170628848,0.0,0.4445995334736717,0,False,0.7077531849512722,False
1.6210634025223645,0.121338579713909,0.0,0.43240378411443503,0,False,0.6876979013572134,False
1.4563896618763204,0.4766024850204214,0.0,0.39567629124445924,0,False,0.6273014252154444,False
1.3152533089469558,0.0842627452043998,0.0,0.15629104683702713,0,False,0.23364468273835948,False
1.1145264903698084,0.0478352282387359,0.0,0.15488880624837545,0,False,0.23133877009255635,False
1.404046803619492,-0.1461957471020953,0.0,0.3898153236743287,0,False,0.6176633649952641,False
1.3666695530963957,-0.0847463905304956,0.0,0.31792113111427966,0,False,0.49943705695248436,False
1.2074605289152065,0.1780126371166302,0.0,0.015001964209363238,0,False,0.0013020412674507771,False
1.587260211607788,0.385453431090078,0.0,0.4440350549452493,0,False,0.7068249289961189,False
1.1440240729396496,0.2967455408957819,0.0,0.1252058775342569,0,False,0.18252671798089054,False
1.077760426330013,0.2492216749587303,0.0,0.13356600644040456,0,False,0.19627452069124182,False
0.9789970696869472,0.5243622169950055,0.0,0.4041306286968824,0,False,0.6412041490427263,True
0.6899101415290608,0.2492866215952824,0.0,0.5075023591021669,0,False,0.8111936517637234,False
1.1586505889084024,0.0738242875029979,0.0,0.11293730280266062,0,False,0.1623516768014229,False
1.3933383580248486,0.156839428108769,0.0,0.2019849235697159,0,False,0.30878591673657857,False
1.659953267024675,0.3382598515459059,0.0,0.4927112333553771,0,False,0.7868704049676922,False
1.0975499023307986,0.5983515190711999,0.0,0.42765128281424886,0,False,0.6798826570004426,False
1.175833483242511,0.2502675326735845,0.0,0.07088640651892379,0,False,0.09320113709178464,False
1.1151351354307817,0.1563606416203328,0.0,0.08167496334860296,0,False,0.11094236482749278,False
1.0860213319946856,0.3046341045681426,0.0,0.16305559589399188,0,False,0.24476863631654627,False
1.2660939509184896,0.0642896476703436,0.0,0.1381713562237043,0,False,0.20384778193442746,False
0.7449614862277343,0.1985231513747073,0.0,0.448222675991508,0,False,0.7137112567807712,False
1.1569807583367104,-0.1926888333620122,0.0,0.3758612803963656,0,False,0.5947166573367169,False
1.367003277877504,0.1995226871859179,0.0,0.17507881416827512,0,False,0.2645402014005233,False
1.306930141175734,0.0007208738350368,0.0,0.21372278449160778,0,False,0.3280882263070743,False
1.2450851107271454,-0.0676304658397138,0.0,0.25450281316357637,0,False,0.395148889485656,False
1.575064477210231,0.0708237975184858,0.0,0.39789502563792467,0,False,0.6309500199979488,False
1.5894030947706272,0.1919609879046118,0.0,0.3966831003019485,0,False,0.6289570710128649,False
0.8510303908901009,-0.1921957163122254,0.0,0.5064213358735415,0,False,0.809415964572618,False
0.9049033636289056,0.176896077915506,0.0,0.2879918529015751,0,False,0.4502198957399452,False
1.2161434406665887,0.2847183550931275,0.0,0.10585484977691592,0,False,0.150704946470307,False
1.3964603894547447,-0.0553354989871353,0.0,0.31228792893218993,0,False,0.4901735452176424,False
0.9175111521140202,0.172880440434386,0.0,0.2754814723515401,0,False,0.42964721730829764,False
0.817690816574487,0.6559893204012818,0.0,0.6049239696299051,0,False,0.9713984878727866,True
1.150836247803542,-0.2761629873793093,0.0,0.45954452254500566,0,False,0.7323294520839438,False
1.7205615285593252,0.4025326717648096,0.0,0.5721404388415162,0,False,0.9174876548596649,False
1.0112585220596175,-0.1120117264780433,0.0,0.34511179513079204,0,False,0.5441507077417175,False
0.650540290730618,-0.0567401843426297,0.0,0.5923235464951696,0,False,0.9506777390341047,False
1.5670587847045114,0.2927178733932921,0.0,0.3903902822547583,0,False,0.6186088548578136,False
1.2538632618367953,-0.0119070010852973,0.0,0.20275799035219652,0,False,0.31005718536494314,False
1.3798407016689551,-0.3786621516464593,0.0,0.5905036768689493,0,False,0.9476850568804313,False
1.335698233560099,-0.0623687645806174,0.0,0.2825837727240211,0,False,0.441326585582,False
1.328999867522258,-0.2606951695478961,0.0,0.46263599904758845,0,False,0.7374132264513393,False
0.6721726035606655,0.2311720082322081,0.0,0.5230545958771227,0,False,0.8367685065640525,False
1.1203557501019186,-0.1378014307419259,0.0,0.32738680638781353,0,False,0.5150028738964194,False
1.4944315229998673,0.3976751508224669,0.0,0.37107490915200764,0,False,0.586845715595909,False
1.20692551139823,0.1834724937043987,0.0,0.01421018438342666,0,False,0.0,False
1.1732633503294598,-0.1103136162267253,0.0,0.29242703811358006,0,False,0.45751333008324513,False
1.0737940078763788,0.3262088063061342,0.0,0.18742955871401015,0,False,0.28485036662008745,False
1.1326512606418473,-0.0248638515453112,0.0,0.2149253728925139,0,False,0.33006582118186817,False
1.106576379452496,0.025434499827003,0.0,0.17829036951397514,0,False,0.26982143925961793,False
0.7849432113698981,0.4216271877015095,0.0,0.47336827569819434,0,False,0.7550619043224355,False
1.093131545665016,0.4870390449918484,0.0,0.3214444149759296,0,False,0.5052309163494262,False
1.1380072911362296,0.2992595154808021,0.0,0.129947537132336,0,False,0.19032413371524592,False
1.462267918771933,0.4291294950384251,0.0,0.36595519639796786,0,False,0.5784266108588456,False
0.9095256395028204,0.1058334031070523,0.0,0.2932518579883636,0,False,0.4588697040144847,False
1.5428296528470784,0.2188043030152166,0.0,0.35195776146784596,0,False,0.5554085478563974,False
1.2068707133533056,0.3857228668794057,0.0,0.20474674360346787,0,False,0.3133275879681785,False
1.2011542186658646,0.3704581460827894,0.0,0.18918397081766172,0,False,0.28773540723900876,False
1.0822378758137274,0.1468687863585525,0.0,0.11590229352013594,0,False,0.16722745178999981,False
0.6169595803903515,0.3233009127611943,0.0,0.5931106275747743,0,False,0.9519720534544838,False
1.3574826272046463,-0.0175709510998794,0.0,0.2582879718857601,0,False,0.4013733886439981,False
1.637777148199294,0.0089770100344263,0.0,0.4771803659375344,0,False,0.7613306909778619,False
1.1406170909332878,0.1749554972353473,0.0,0.052644913496536216,0,False,0.06320393848045443,False
0.8966854967926112,0.5200705547559482,0.0,0.44986503133185035,0,False,0.7164120258063199,True
1.222883706220367,0.2985947644794656,0.0,0.12092534207633662,0,False,0.17548759721722895,False
0.8276261175918431,0.3115490190736949,0.0,0.38771033405967514,0,False,0.6142018176609502,False
1.393395191435315,-0.1674128290138508,0.0,0.40239813891149545,0,False,0.6383551585505243,False
1.18815845221523,-0.2774641481613216,0.0,0.45894434121572686,0,False,0.7313424847060493,False
0.8961404904783237,0.3487041228419544,0.0,0.340608037643725,0,False,0.5367445098131264,False
1.0358908847316048,0.5936497769181759,0.0,0.4410698762347726,0,False,0.7019488448627043,False
1.0098466583327748,-0.0869595332834226,0.0,0.3248700064699376,0,False,0.5108641256640872,False
1.2553255382763362,0.1949532257909015,0.0,0.06390795110956353,0,False,0.08172542550074446,False
1.3765207620305606,0.1773845098637687,0.0,0.18370677581935427,0,False,0.2787284413072416,False
1.330978019020279,0.1567863989686755,0.0,0.14030476623578514,0,False,0.2073560651529802,False
1.483762559265858,-0.2410576963917837,0.0,0.512974404781048,0,False,0.8201921499041012,False
1.236839781862963,0.3726304637318324,0.0,0.1961681144815933,0,False,0.299220472872611,False
0.8367285237064688,0.3604457743845868,0.0,0.3985803468188209,0,False,0.6320769954900679,False
1.314476098360165,0.316943134960839,0.0,0.1820643363502572,0,False,0.27602753393627555,False
1.3152110020065917,0.1299416094163226,0.0,0.13275439578414674,0,False,0.19493986864160104,False
1.0523498612897366,0.1454364776592905,0.0,0.14505262597675211,0,False,0.21516367670394984,False
1.3522072605301598,0.2095773458012144,0.0,0.1618104929176891,0,False,0.2427211284055505,False
0.9867364109853116,-0.3663788034660822,0.0,0.5853286862978676,0,False,0.9391750506116472,False
1.566635970234766,-0.0189860216627744,0.0,0.4241299226551373,0,False,0.674091961033547,False
1.2248297783686894,-0.1701286796365323,0.0,0.3530354011952135,0,False,0.5571806710534202,False
1.1243504537552704,0.6793458549777416,0.0,0.5025809635955059,0,False,0.8031006695567825,False
1.152252856291177,0.0291282792424902,0.0,0.15764719783852202,0,False,0.2358748034246909,False
1.1091024261224829,0.1354702282413153,0.0,0.09555043028636047,0,False,0.13375985772930898,False
1.089924319621551,0.3399792594210929,0.0,0.18901099828846546,0,False,0.28745096279653704,False
1.6891559753986185,0.3335901896382303,0.0,0.5190908892624345,0,False,0.8302503945645623,False
1.1463602255355303,-0.1111282938250298,0.0,0.29625628339876103,0,False,0.46381032733067984,False
1.1319315604423974,0.1259869649605779,0.0,0.08239535012578492,0,False,0.11212700389215607,False
1.1225532451369922,0.1798078958721832,0.0,0.07032518495667887,0,False,0.09227823705027158,False
1.542437237606433,0.5715810689218266,0.0,0.523834269217212,0,False,0.8380506393371713,False
0.9657979244240752,0.2637128015681318,0.0,0.24150143872185958,0,False,0.3737687968106868,False
1.297560129644504,0.1090391778757405,0.0,0.1273048169391982,0,False,0.18597831605599868,False
1.0805858400301458,0.2088636788570379,0.0,0.11557016066942141,0,False,0.1666812763713538,False
0.9432988808250192,0.4780290511293489,0.0,0.38760264836069214,0,False,0.6140247340584167,False
1.0812269844594764,-0.191222314568497,0.0,0.38903849076303604,0,False,0.6163859031614511,False
1.1784210490180715,0.4855844628813916,0.0,0.3044708637794925,0,False,0.4773187829646083,False
1.3054463001682255,0.2192312023104671,0.0,0.11875534381348961,0,False,0.17191914649902437,False
1.04376526791522,-0.3820854268546694,0.0,0.5829305696694191,0,False,0.9352314709546303,False
0.6042634210478831,0.2584286033162671,0.0,0.5936073208389812,0,False,0.9527888400232717,False
1.036495127561534,-0.1345273274015007,0.0,0.3525552929216245,0,False,0.5563911576500976,False
1.0883106255057804,0.4256241936250171,0.0,0.2656095528086701,0,False,0.4134133525232657,False
0.9206004284842486,0.4837376916600282,0.0,0.4068156092139274,0,False,0.6456194616346563,False
1.233224607538428,-0.32734060644918,0.0,0.5103954168887284,0,False,0.8159511367410238,False
1.4504515212320157,0.4808595184770905,0.0,0.39496359867003106,0,False,0.6261294388721278,False
1.0448147629724625,-0.0325594139288704,0.0,0.26023024041706766,0,False,0.40456734951214984,False
1.7228182546756554,-0.060226034382069,0.0,0.5824662701118368,0,False,0.9344679541730349,False
1.040533184282958,0.2686406565053522,0.0,0.17551162900467765,0,False,0.26525194317481576,False
1.4289008183476175,0.4264564764248254,0.0,0.3402070865253522,0,False,0.5360851662869961,False
1.3101447503738222,0.2382896690389374,0.0,0.13033024659463854,0,False,0.19095347977464114,False
1.2623462772208784,0.3177252350640214,0.0,0.15296319128783833,0,False,0.2281721951664092,False
1.030916392085366,-0.1359807036550187,0.0,0.3563587819272164,0,False,0.5626458000182811,False
1.4182446501584571,0.1350229009207947,0.0,0.23011884829309678,0,False,0.3550507113237164,False
1.2914272956679826,0.1842311456141972,0.0,0.09860723850474631,0,False,0.1387866218834892,False
1.1659078075591496,0.4449784807466562,0.0,0.26489697561077835,0,False,0.41224155591073897,False
1.396105332751698,0.2258642025029641,0.0,0.20804111094191674,0,False,0.31874500589711924,False
1.0733194567390043,0.5851300259923382,0.0,0.42100160576180207,0,False,0.6689476045352392,False
0.3852130904647678,0.3827747646741931,0.0,0.5605255904039739,1,False,0.883812910765445,False
1.5426028103588676,0.1401471226150669,0.0,0.3521747965995865,0,False,0.5557654509862271,False
1.1605412853486103,0.4265645789354041,0.0,0.24722985016874188,0,False,0.3831888752926758,False
1.506671051408662,0.2088931662005445,0.0,0.31500908633797037,0,False,0.49464834884548736,False
1.215306149790501,-0.2082810675037363,0.0,0.3903830739928273,0,False,0.6185970012411978,False
1.3216147942326388,0.1721513622660796,0.0,0.12909145620220833,0,False,0.18891635258368528,False
0.8929667169075653,-0.0762839949638973,0.0,0.395430671068056,0,False,0.6268975154474514,False
1.2534886352342791,0.4498890309335891,0.0,0.275194779973416,0,False,0.4291757664135497,False
1.2344531678821475,-0.2201249566075386,0.0,0.40372939721095263,0,False,0.6405443444665448,False
0.9899316057422992,-0.045576274609679,0.0,0.30450497703128016,0,False,0.47737488045552623,False
1.2008422329076638,0.0428225871492375,0.0,0.13886319353567073,0,False,0.20498547286950144,False
1.2634703029559338,-0.236248156395805,0.0,0.42363050215684567,0,False,0.6732706896683447,False
0.9982600738167878,0.4300102428117247,0.0,0.3156706164268455,0,False,0.49573620110840266,False
1.4355354712451232,0.4713728859012063,0.0,0.37807875695025095,0,False,0.5983631836666192,False
0.9917649732036012,0.1574269481774059,0.0,0.2025246996581341,0,False,0.30967355079756553,False
0.9699040497211396,0.1123457330520247,0.0,0.23342066228331906,0,False,0.360480374889128,False
0.9290658712650072,0.2368238456252434,0.0,0.2695412014082416,0,False,0.41987874676301135,False
1.2345933904655493,-0.0322282915529688,0.0,0.21772178922432114,0,False,0.33466438424916967,False
1.2163294737385295,0.1876833399151577,0.0,0.02428242421872661,0,False,0.01656328121988879,False
1.4334158127692982,0.2873122434139901,0.0,0.26281751265843406,0,False,0.40882198586184987,False
1.4297028070947575,0.5016738341701059,0.0,0.39828924210666306,0,False,0.631598288738566,False
1.5721263020162175,0.4944985340709696,0.0,0.4917714451451723,0,False,0.7853249715122452,False
1.0632081508915303,0.4836050930349518,0.0,0.32879077547898056,0,False,0.5173116289758538,False
1.412309928623744,0.1598444100678751,0.0,0.22051241834985133,0,False,0.33925343055290996,False
1.0659784275894475,0.3023447750187282,0.0,0.17525060697140982,0,False,0.26482270584406337,False
1.5100453543695287,0.2065981754871657,0.0,0.318181135444091,0,False,0.49986462072215954,False
1.033745400601351,0.1070596828761944,0.0,0.1756473829384297,0,False,0.2654751835481795,False
0.9190933963065948,0.4534623922306907,0.0,0.38592107973293815,0,False,0.6112594807952431,False
0.8130884668044364,0.239937782810115,0.0,0.3842471188367508,0,False,0.6085067380559889,False
1.216398341662238,0.2357445310787216,0.0,0.05917201137888684,0,False,0.07393741579462866,False
1.1024303892179523,0.3283976494411682,0.0,0.1725374371368081,0,False,0.26036103736687616,False
0.8747203684816478,0.1424580614323859,0.0,0.3205200602747848,0,False,0.5037108625071487,False
1.241392604874904,-0.0292607730766159,0.0,0.21623392128986163,0,False,0.3322176618299776,False
1.110856436260396,0.2794513097096518,0.0,0.12777909147049155,0,False,0.18675823616966708,False
0.7591918939673703,0.417989684831285,0.0,0.4939791331672937,0,False,0.7889554011042833,False
1.422611031338562,0.5480079926979697,0.0,0.4326039989073281,0,False,0.6880271443034991,False
1.5771795181834558,0.3583784763216289,0.0,0.42308828213491007,0,False,0.6723790366841794,False
1.3418261486578116,0.2505651379647089,0.0,0.164217034014645,0,False,0.2466785616684483,False
1.1394404521073582,0.2868435158230226,0.0,0.1181526833312511,0,False,0.17092810228138708,False
1.61498106221736,0.1159869770313984,0.0,0.42716875937205123,0,False,0.6790891719763571,False
0.9958680474959656,0.1125342711505539,0.0,0.20870002614726482,0,False,0.3198285581183433,False
1.3444699899308703,-0.1721958290079176,0.0,0.3847798836418023,0,False,0.6093828424214947,False
0.8798342169656045,0.0765517763617925,0.0,0.3301355880552983,0,False,0.5195231042041868,False
0.6082253503354216,0.0839401919411671,0.0,0.5927107153609082,0,False,0.9513144183534691,False
1.2762569653458389,0.108227799537025,0.0,0.11098463271240964,0,False,0.15914061110368782,False
1.0876418126178913,0.1902433647563051,0.0,0.1055835966941206,0,False,0.15025888470395043,False
1.259927889626012,0.5457206260400768,0.0,0.37038743436331545,0,False,0.5857151986063527,False
1.334586217807173,0.3968177514786783,0.0,0.25781234426720895,0,False,0.40059124344781255,False
1.330375154985018,-0.1087863685326721,0.0,0.3211718602422767,0,False,0.5047827140850714,False
1.0884488204148897,0.0601081839791018,0.0,0.16008382360912987,0,False,0.23988170938862183,False
0.946680778189372,0.4012231855500378,0.0,0.3300020236608452,0,False,0.5193034644157717,False
1.121645340315914,0.2945010378453551,0.0,0.133605968845102,0,False,0.19634023681377766,False
1.2072340125283316,-0.0758205124397857,0.0,0.25767790576962474,0,False,0.4003701662416818,False
1.460174531093836,-0.0390232670316146,0.0,0.346509296965778,0,False,0.5464488277504428,False
1.3570218887502992,0.0478029737841631,0.0,0.21168982132750994,0,False,0.3247451227722859,False
1.1768624359260933,0.2718404284945085,0.0,0.09178898063295178,0,False,0.12757434691715444,False
1.0019699040677887,0.6557105748406955,0.0,0.511229868339055,0,False,0.817323349303682,False
0.9997650945856298,-0.1553815606487429,0.0,0.3882588345378209,0,False,0.6151037985328642,False
1.4275047002139656,0.0313530992184265,0.0,0.2785488619771711,0,False,0.43469138204335855,False
1.4969310090205503,0.2717957436354432,0.0,0.317208079781739,0,False,0.4982644806498733,False
0.8726560891847557,0.2875065604696813,0.0,0.3373079782821356,0,False,0.531317731644405,False
1.2167920687901663,-0.014853501470276,0.0,0.1977631252330459,0,False,0.30184338615278,False
1.398887335591314,0.70210329152986,0.0,0.5599295548137715,0,False,0.8974074830803794,False
1.2990837004599594,0.265546069849092,0.0,0.13547982435899397,0,False,0.19942169598766035,False
1.1480752907929272,0.3498200861127849,0.0,0.17421829963476507,0,False,0.26312512943585703,False
1.3650058728316377,0.0822947553067136,0.0,0.19866424747173567,0,False,0.3033252354034904,False
1.25976480907293,-0.0589753349180726,0.0,0.24956693796465826,0,False,0.3870320961683014,False
1.67526933073356,-0.0053080375118501,0.0,0.5173011395110676,0,False,0.8273072429984902,False
1.3005044650877076,0.4177572596714299,0.0,0.25966468903704804,0,False,0.40363732930763374,False
0.948487466322198,-0.0924790895489898,0.0,0.3670939938053937,0,False,0.5802993047204005,False
1.4069637091552123,0.2405045717023875,0.0,0.2220979467984245,0,False,0.34186075067289096,False
1.2848241921602144,0.1323380920244946,0.0,0.10426004263376859,0,False,0.14808236801354113,False
0.9047750642714358,-0.1347761221356768,0.0,0.42777944034517396,0,False,0.6800934054794174,False
1.2782262141948837,-0.2900188606185712,0.0,0.4791411054918711,0,False,0.7645550264949352,False
1.1263542972671514,0.5227122657603371,0.0,0.34767606730943507,0,False,0.5483675216692759,False
1.598657170566149,0.4459977844222148,0.0,0.48441135030836446,0,False,0.7732216734791848,False
1.1285240492530069,0.0584614136182841,0.0,0.13880453185687944,0,False,0.20488900675088842,False
0.0025276715630145,0.7535942550329047,1.0,0.23063128446740028,1,False,0.32079783847321797,False
0.3504978583328243,0.648269106967291,1.0,0.3081814868345219,1,False,0.4531491158559697,False
0.1980823154497814,0.8137601410762973,1.0,0.09201451534400844,1,False,0.08422712814417631,False
0.1334308393463489,1.4013701743346314,1.0,0.4998334510353577,1,False,0.7802324954042865,False
0.4124999285781252,0.9101957133028736,1.0,0.23480655816501053,1,False,0.32792358141693473,False
0.4958799906716703,1.0041980329403724,1.0,0.3336471726420511,1,False,0.49661020226421393,False
-0.0920696546483252,0.7658812990070938,1.0,0.30292710490836,1,False,0.4441817097299064,False
0.2894176646739417,1.0609560847973225,1.0,0.1930043244997956,1,False,0.25658167831199746,False
-0.1137971730244505,1.309703886569114,1.0,0.5000166475499132,1,False,0.7805451482662185,False
0.0659355031565553,0.9851743872900438,1.0,0.13849321657053507,1,False,0.16355013815130534,False
0.289666317135313,1.3109259395586468,1.0,0.42249885498552825,1,False,0.6482491831671359,False
0.6279327775338992,0.7069339764178331,1.0,0.4911939233227611,1,False,0.7654878204215861,True
0.0638647581503333,1.471787453919589,1.0,0.5795853510521628,1,False,0.9163413064549292,False
0.6474039227723662,0.7468247418515159,1.0,0.49506410427214426,1,False,0.7720928759432778,True
0.0895092205144591,0.7499498897691252,1.0,0.17712598128621626,1,False,0.2294828578977011,False
0.2624298845971226,0.9639843020430308,1.0,0.10402606883607655,1,False,0.10472668068564665,False
0.5603358585888762,1.0792330036305666,1.0,0.42097668527321586,1,False,0.6456513678208371,False
0.1637035036289473,0.746817748418515,1.0,0.15732291961818431,1,False,0.19568590537079675,False
-0.130972300039054,0.860331101287372,1.0,0.3117653225169885,1,False,0.4592654793988898,False
0.3536509632275554,0.7535704481701757,1.0,0.23110409582249952,1,False,0.32160476334121785,False
-0.0412113041396037,0.8293919915480176,1.0,0.23120180128061943,1,False,0.3217715126441819,False
0.3020673474067409,0.5881229112858022,1.0,0.33898896141127116,1,False,0.5057267815320309,False
0.2090193150946696,1.2502461562081122,1.0,0.3481409131856133,1,False,0.5213459865232103,False
0.0699012780433583,1.3227014424741528,1.0,0.43285341482779205,1,False,0.6659208226990627,False
0.1405711717755924,0.9605488216006124,1.0,0.06810794429014037,1,False,0.04342690944400693,False
-0.3453064452655607,0.5561629133044628,1.0,0.6279153218695125,1,False,0.9988237910687828,False
0.2324206874360412,0.8297974009006381,1.0,0.09174991474392269,1,False,0.08377554676400394,False
0.1183327557736229,0.9597129207839196,1.0,0.08181620837471758,1,False,0.06682215803027095,False
0.518844553984787,1.0120154908041,1.0,0.3579006085856648,1,False,0.5380023989326642,False
0.2248418462579672,0.861412061398271,1.0,0.06313596318062281,1,False,0.034941463489238565,False
0.1718961991368172,0.7540709744700159,1.0,0.14955403138969653,1,False,0.18242710978420895,False
0.3881440153127286,0.5675583938765987,1.0,0.39637372379929425,1,False,0.6036626523941876,False
0.101320168027807,1.2738071540926728,1.0,0.3781114026238645,1,False,0.5724952090895272,False
0.0739325694555269,1.0794969579137628,1.0,0.20434744702103447,1,False,0.27594045120195076,False
0.1154760836703621,0.7716910455875223,1.0,0.14580395006251928,1,False,0.17602702263045142,False
-0.0619312439677022,1.1103241242729738,1.0,0.3166040907193758,1,False,0.46752357716004417,False
0.3815529656781328,0.5459602166479396,1.0,0.41153488614272754,1,False,0.6295374940001638,False
0.3976838587533743,0.671670586077247,1.0,0.31953547242400887,1,False,0.47252642823279783,False
0.1241417645529211,0.7764959298414119,1.0,0.1378777468712238,1,False,0.16249974500715078,False
0.4776960847080594,0.5323174701958822,1.0,0.47720808934658504,1,False,0.741618856376242,False
0.1991287799776078,0.7909610293897369,1.0,0.1145531405064848,1,False,0.1226927380285093,False
0.3540546500552688,1.064234394650565,1.0,0.23854226014643629,1,False,0.3342991280186363,False
-0.2207099081833517,0.812952070734754,1.0,0.40865829225872874,1,False,0.6246281467201099,False
-0.057392145144187,0.8551919665070402,1.0,0.24009270884052064,1,False,0.3369452057710457,False
0.1906019738343278,0.9481113832020182,1.0,0.04640652612938318,1,False,0.006390121312926946,False
0.1357217744380126,0.9182749520796192,1.0,0.04458312440918516,1,False,0.003278207488283857,False
-0.1285854055136813,1.2137395094943184,1.0,0.43601384891419,1,False,0.6713145866822771,False
0.3030929920114746,1.094074815919886,1.0,0.22807140401193712,1,False,0.3164290110828806,False
0.2667738897054428,0.9360945483076448,1.0,0.09476395331671009,1,False,0.08891946442009019,False
0.3614184868723398,1.0392073237913146,1.0,0.22832871349000883,1,False,0.3168681490485594,False
0.0161171502101301,1.2561353349968445,1.0,0.38792148047148217,1,False,0.5892376068489803,False
0.210384398246047,1.181801531202448,1.0,0.28019508390353837,1,False,0.4053860402713413,False
0.3139697322915482,1.1995487596437178,1.0,0.32586026085181286,1,False,0.48332064671378533,False
0.3617917426797078,0.5131093389522131,1.0,0.4315888755491958,1,False,0.6637626930783226,False
0.0827041750282392,0.6995445355559519,1.0,0.22503889161570234,1,False,0.31125356502252494,False
0.0100299900865597,0.8957045724870663,1.0,0.16794004784026206,1,False,0.21380565798828574,False
0.6385841977413649,0.914472993353894,1.0,0.46092601494922364,1,False,0.7138310069683158,True
-0.1374168099706343,1.079806815480226,1.0,0.3611584341330659,1,False,0.5435623763347541,False
-0.0959749667097603,0.7024593812363513,1.0,0.3396577597937737,1,False,0.5068681882277439,False
0.1044961983005849,0.9159338706812792,1.0,0.07433812655434095,1,False,0.05405966804198963,False
0.4155951288349402,0.7232447480104875,1.0,0.29840760881884093,1,False,0.43646849864449216,False
0.2903817001719865,0.7817886286488904,1.0,0.16581020830769685,1,False,0.2101707611840087,False
-0.2045666095126875,0.9791084427316572,1.0,0.3897573640315341,1,False,0.5923708228417458,False
-0.3491441940522282,0.8411984626744843,1.0,0.5306041477002404,1,False,0.8327473939505863,False
0.1487246952452183,0.8227062067444977,1.0,0.08587073379429165,1,False,0.0737418255757031,False
0.440427985393758,1.0015908226155037,1.0,0.28035604526053676,1,False,0.4056607454372563,False
0.1445532791306406,1.274293190372404,1.0,0.3722708569863736,1,False,0.562527424968542,False
-0.0244523006148957,1.2817306976121456,1.0,0.428897570550473,1,False,0.6591695696107486,False
-0.1706969400417177,1.426673729432702,1.0,0.6286045123514307,1,False,1.0,False
0.3748714793208711,0.9052772655959626,1.0,0.1970908091474195,1,False,0.2635558891665049,False
-0.1848388615974439,1.0104375462064072,1.0,0.3780640396153665,1,False,0.572414376873955,False
0.0335591787993922,0.6945270038719107,1.0,0.2539203653207508,1,False,0.3605442157349996,False
-0.2194776265524997,0.5339975622043838,1.0,0.5425486819868712,1,False,0.8531325679710721,False
-0.2022884440680609,1.1482482252634232,1.0,0.45205741772660435,1,False,0.6986953898431641,False
0.1285844928974477,1.4908122909725612,1.0,0.5893609590230227,1,False,0.9330248760994211,False
0.7674652827774138,0.8643987119467518,1.0,0.5909722423014246,1,False,0.9357747773712762,True
0.6434304637680661,0.8114931007794556,1.0,0.4746464427790421,1,False,0.7372470148456107,True
-0.0572513887369223,0.7440802917924766,1.0,0.284009283406493,1,False,0.4118955548954156,False
0.1581850648927921,0.6964611347875969,1.0,0.20797371924637328,1,False,0.2821292391936203,False
0.4168165769576991,0.8846917875882415,1.0,0.23976750197496546,1,False,0.3363901905324508,False
0.0427512934277158,1.1134592609959086,1.0,0.2496281980719028,1,False,0.3532189760736485,False
-0.1460142422027855,0.7897631342761594,1.0,0.3432002008761027,1,False,0.5129139055564991,False
-0.0435692216782596,0.7641843927955083,1.0,0.26155420056675127,1,False,0.3735725227580382,False
0.4932430292963695,0.5212816641674755,1.0,0.49558968898879874,1,False,0.7729898666215582,False
-0.1308170669252056,1.3097133831181598,1.0,0.5101368028015689,1,False,0.7978167405249675,False
-0.2468867012118003,0.6887231640166486,1.0,0.4759012699772824,1,False,0.7393885693162942,False
0.3151840005227717,0.8131083198684395,1.0,0.16446810177684798,1,False,0.20788025118764936,False
0.2572731952631421,0.7795997799933517,1.0,0.14721163534420284,1,False,0.17842945279177752,False
-0.1743218158283004,0.995423096779408,1.0,0.3639092889977312,1,False,0.5482571307534397,False
0.4887708938801535,0.5928816200787606,1.0,0.43954440044866866,1,False,0.6773400126797724,False
0.2364517159183465,0.7434302980803299,1.0,0.17048904190155212,1,False,0.2181559060824908,False
0.7190253597062606,0.501033497828278,1.0,0.5715313867752353,0,False,0.9164861000102648,True
0.0149266432572096,0.8298209885315712,1.0,0.1787566044548985,1,False,0.23226576564929324,False
0.1518907038305362,0.5361994988982834,1.0,0.368221242342371,1,False,0.555616138412456,False
0.2752661510890465,1.0110240212057804,1.0,0.14512538594189717,1,False,0.1748689492095042,False
0.0744210601359361,0.8330526294275877,1.0,0.12509569309239205,1,False,0.14068521592062658,False
0.0708247664265193,0.5938674355983764,1.0,0.32759592048955477,1,False,0.4862828152593856,False
0.4540234316102904,0.735043710789112,1.0,0.32355245894579815,1,False,0.479382029909648,False
0.1501669463680384,0.8202572812996344,1.0,0.08771422226041663,1,False,0.07688802050343485,False
0.2415126482460141,0.6627501367678225,1.0,0.24904924557755082,1,False,0.3522309051230574,False
-0.1238415323722088,0.6709969870227758,1.0,0.3808444823934448,1,False,0.5771596275907259,False
0.5149323430201733,0.874248282410471,1.0,0.3384111162340843,1,False,0.5047406003874854,True
-0.0432026237548056,0.4323301172942441,1.0,0.520429197746346,1,False,0.8153822861546273,False
0.3553103670848428,0.7821339335541404,1.0,0.21504849294347536,1,False,0.2942034222057117,False
0.0917068496303415,0.7447024828153055,1.0,0.1806364870397557,1,False,0.23547407270512274,False
-0.2343641688363238,0.720201156799006,1.0,0.4510782965435237,1,False,0.6970243698414398,False
0.2486854813244367,1.2263918510178118,1.0,0.33057492291495405,1,False,0.49136693837309997,False
-0.0870480011284151,0.4636872608821674,1.0,0.5134018744359736,1,False,0.8033890844824201,False
0.0041756682114554,0.6104264671213475,1.0,0.3406446133780247,1,False,0.5085524047543115,False
0.213807521685338,0.9639493919343792,1.0,0.07035920571872212,1,False,0.047269031278644916,False
0.2214819497441097,1.2096444147649226,1.0,0.30923789158768344,1,False,0.4549520320863136,False
0.2953917886125334,0.8911042977400587,1.0,0.11825558247408402,1,False,0.12901152133132396,False
0.156615727739754,0.7051033987774705,1.0,0.1995320174962614,1,False,0.2677221844625136,False
0.676813643662048,1.1875749146559706,1.0,0.5742120706318261,1,False,0.9071709818695637,False
0.6551217396764204,0.84883180635884,1.0,0.480454477746614,1,False,0.747159314537658,True
0.1332531702764466,0.520438473619738,1.0,0.38565054356417666,1,False,0.5853619058016166,False
0.1215313801577133,0.89104228764023,1.0,0.057621967572871,1,False,0.025530986921891312,False
0.3004776535258529,0.6283150617506452,1.0,0.3013042333560916,1,False,0.4414120312969083,False
0.1464291978833121,0.8180888625254664,1.0,0.09099446065076562,1,False,0.08248624884882846,False
-0.1983814869720911,0.534018312602798,1.0,0.5272828625696419,1,False,0.8270791130671127,False
0.1692374137707744,0.9453053836669404,1.0,0.04266228420918753,1,False,0.0,False
-0.1306151706232486,0.9948581705169216,1.0,0.32164822512906815,1,False,0.4761321637534444,False
0.1503419335390011,0.9758598132917926,1.0,0.0773820206686742,1,False,0.059254538744488834,False
-0.0514124821585752,1.0010179278557778,1.0,0.2490806134500912,1,False,0.35228443919354047,False
-0.3049405619908622,1.0024261750569092,1.0,0.4927596559053194,1,False,0.7681599824665075,False
-0.0227981507474983,1.4875815243846766,1.0,0.6175563933297386,1,False,0.9811446956866026,False
0.2713223990750399,1.0198968125151455,1.0,0.14931417048613524,1,False,0.1820177504787331,False
0.3994097356574219,0.7927190834810445,1.0,0.24777067086721888,1,False,0.35004882189211206,False
0.4756276344466412,0.6995004983105845,1.0,0.36100901429299376,1,False,0.5433073685321148,False
0.1248120535369503,0.6782282331315722,1.0,0.23142576589103225,1,False,0.3221537424949351,False
0.4013804406707222,1.0534189090137651,1.0,0.2691957022261633,1,False,0.3866139136877204,False
0.4372485658613476,0.6812805413261467,1.0,0.34162099887350345,1,False,0.51021875588687,False
-0.0687340409575464,0.636218776469174,1.0,0.36361712589415457,1,False,0.5477585097468894,False
0.1067441410620541,0.976128339182604,1.0,0.1015918372410801,1,False,0.10057229228678642,False
0.0732394384318035,0.8632372599987099,1.0,0.11203718760073596,1,False,0.11839887971806495,False
0.0914421545325528,0.8032712877611157,1.0,0.1322999786759906,1,False,0.15298043076875262,False
0.0307410242797748,1.141651840533496,1.0,0.27988401140775543,1,False,0.4048551474958382,False
0.485070833166501,1.1881920327356277,1.0,0.4188876525973067,1,False,0.6420861141566107,False
-0.0594480042165964,0.8480321505695309,1.0,0.2436367700875344,1,False,0.34299368815855064,False
-0.1222263778091555,0.8071401980858899,1.0,0.3151125388647739,1,False,0.4649780158692478,False
-0.0022934764945706,0.8159875605837491,1.0,0.20022371765524716,1,False,0.26890267654136385,False
0.3849953410844219,1.3133678733009362,1.0,0.4592592140451777,1,False,0.7109863563799284,False
0.4439785503545304,0.9582091394868576,1.0,0.27175210393860677,1,False,0.39097680407121205,False
-0.2897824560948329,0.8148906769867027,1.0,0.4758948224269683,1,False,0.7393775655858845,False
0.2663878256769396,0.8419011006225277,1.0,0.1079135798914934,1,False,0.11136131268297235,False
0.0178834268178325,0.4830846628198447,1.0,0.44980683490405515,1,False,0.6948544261534761,False
0.1474577105688095,1.0203707511238806,1.0,0.12073383864352047,1,False,0.13324104439760623,False
-0.1348775424841646,0.9943394433052988,1.0,0.3255922450470517,1,False,0.4828632367646664,False
0.0782230725382311,0.479942065606363,1.0,0.435111643143097,1,False,0.6697748345910965,False
0.3089707604982569,0.5839487039582085,1.0,0.3454380768548255,1,False,0.5167331830743835,False
0.498237253711186,0.7821558307017371,1.0,0.3426571173743602,1,False,0.511987050525988,False
0.2612245233490941,0.698370615177766,1.0,0.22145713071827688,1,False,0.3051407424175019,False
0.0602919349749172,0.9984984873335,1.0,0.15109100732058567,1,False,0.18505019420630667,False
-0.0396678116841222,0.4812202639000378,1.0,0.4749894405383371,1,False,0.7378323929645124,False
-0.0890486489481627,1.1272638817732137,1.0,0.3482361552448572,1,False,0.5215085316593508,False
0.1610021728669779,0.5144315198533449,1.0,0.38943931122399006,1,False,0.5918280170969671,False
0.3521435538083298,1.3366030267877582,1.0,0.46687277479604766,1,False,0.7239800618771565,False
0.0643640813299178,0.7375563364204929,1.0,0.20101086857977568,1,False,0.2702460699455638,False
0.4911609322412971,1.4291260236973522,1.0,0.6119441127415567,1,False,0.971566480772863,False
0.1778940367914992,1.1404556735694542,1.0,0.23694681614226612,1,False,0.33157625889000464,False
-0.1120735302282566,0.5191438670556967,1.0,0.4814109684423213,1,False,0.74879171215259,False
0.4349255754940091,1.4092450983918754,1.0,0.5673522221390613,1,False,0.895463601579677,False
0.6329550831271656,1.1460277141498014,1.0,0.5157440338863121,1,False,0.8073863376890449,False
0.1342208502827997,1.0327877439866526,1.0,0.13642277515956436,1,False,0.160016613323209,False
0.0165115281145569,1.315335352632364,1.0,0.4422797055479028,1,False,0.6820082290462675,False
0.0447316726620725,0.5895172935708197,1.0,0.3410203275449441,1,False,0.5091936184250015,False
-0.1756726895913882,1.2982457658680808,1.0,0.5298604478697885,1,False,0.8314781564818858,False
0.0936647409004678,0.6701506808530433,1.0,0.2480582065017532,1,False,0.3505395454152245,False
-0.1126902439062616,0.4610756812408789,1.0,0.5292684546135614,1,False,0.8304678294772868,False
0.6892674982189435,1.0317955429850842,1.0,0.5273216544186652,1,False,0.8271453172885533,False
0.4546964989118153,0.4223758088271271,1.0,0.555127927113936,1,False,0.8746009730849139,False
0.4375697535587495,0.8144717582470213,1.0,0.27461583172365334,1,False,0.39586419338624085,False
-0.2128180963964073,1.1536909888413498,1.0,0.4638584711917214,1,False,0.7188356919042271,False
-0.2101787122192861,0.6861994062780412,1.0,0.4446819604723274,1,False,0.6861080443677217,False
0.2930499384150085,0.7655233783942121,1.0,0.17979203035564195,1,False,0.2340328782604227,False
-0.0249417514568728,1.453147532865286,1.0,0.5858346564096444,1,False,0.9270067015354225,False
-0.0036649951292891,1.247637448182482,1.0,0.3890371182241869,1,False,0.5911416132494781,False
-0.1378760946632146,0.6673818442590441,1.0,0.3942082941967049,1,False,0.5999670156938682,False
0.5591893949544959,0.5260568340171283,1.0,0.5365972523777345,1,False,0.8429755433988612,True
0.5530372181929237,0.6292997035880528,1.0,0.4647603636260628,1,False,0.7203749092383334,True
-0.2727936581143877,1.1703619655068325,1.0,0.5236744632190233,1,False,0.8209208278688277,False
0.452402700362126,1.2996237891672209,1.0,0.48199577036904667,1,False,0.7497897660538756,False
0.3798533293193596,0.9345602004791648,1.0,0.2044366351493583,1,False,0.2760926643793601,False
0.5576110017559173,0.9059249058202938,1.0,0.3798300820722816,1,False,0.5754283983458576,True
0.0788667674076467,0.8572630239606837,1.0,0.10919802643173489,1,False,0.11355341708943216,False
0.5863484935240915,0.8827301417931568,1.0,0.409087936240252,1,False,0.625361399865024,True
0.534361854364434,1.0459917707383766,1.0,0.3839867927362172,1,False,0.5825224606344123,False
0.5620576875102559,1.190924443255669,1.0,0.4798650167196302,1,False,0.746153309169428,False
0.0622587129124949,0.5385552937897176,1.0,0.38280318232326177,1,False,0.5805024484965123,False
0.1652832511254249,0.9964524690225096,1.0,0.09378109840927353,1,False,0.08724207224688439,False
0.4129486410998899,0.8366819979765889,1.0,0.24447101151779368,1,False,0.3444174487106861,False
0.5098735209636243,1.023864995589383,1.0,0.3532222906694925,1,False,0.5300181341169927,False
-0.0821285153351347,0.5189389366233441,1.0,0.4641669428045356,1,False,0.7193621458752819,False
0.1886512590307974,0.6252504764619904,1.0,0.27847035194541236,1,False,0.4024425214817938,False
-0.360481450892285,0.7963813278403186,1.0,0.5488268982876333,1,False,0.8638473039966142,False
0.1720705953421298,1.033413240503621,1.0,0.13003014368838714,1,False,0.14910661031583855,False
-0.0042665245253818,0.9453146435419828,1.0,0.18679344608918863,1,False,0.24598186469163624,False
0.5198591988380017,1.021516224707442,1.0,0.3618535964438089,1,False,0.544748777104924,False
0.5998701575004795,1.0873243361833942,1.0,0.4603704591648866,1,False,0.7128828660806067,False
0.2480529220179874,0.7881869181169135,1.0,0.135041584433208,1,False,0.15765940017143548,False
-0.0594994110942167,1.0642845593618673,1.0,0.286625924772047,1,False,0.41636125345728614,False
-0.3079273588898335,0.9508959293757911,1.0,0.48802205756723105,1,False,0.7600745465471522,False
0.4923853358231782,1.0657209487885635,1.0,0.3539545999715517,1,False,0.5312679319074353,False
0.129782705510436,0.4773220652839151,1.0,0.42888199781735914,1,False,0.6591429923606956,False
0.0887336733609691,0.7285723068429828,1.0,0.1962997339622835,1,False,0.2622057984115782,False
0.4225586110403762,1.2516214213960857,1.0,0.4255522263584561,1,False,0.6534602282604528,False
0.4836747803625135,0.9288459546835328,1.0,0.30693373940710633,1,False,0.4510196440966605,False
0.1452220953322568,1.061638275270759,1.0,0.16144808092956517,1,False,0.20272612386547645,False
-0.0793278713183452,0.4418230190678117,1.0,0.5284531357871121,1,False,0.8290763632417257,False
0.2618025425447144,1.0593408664010036,1.0,0.17703657710073326,1,False,0.22933027598571556,False
0.0356826240751985,0.8252557573958892,1.0,0.16222718877768535,1,False,0.2040557905300389,False
0.255249280329286,0.6176021914574674,1.0,0.2962140973754875,1,False,0.43272493598933404,False
0.3779647657883731,1.030243661357683,1.0,0.23692235110482232,1,False,0.33153450556302333,False
0.2705661228228609,0.8230620613376284,1.0,0.12279804082770246,1,False,0.13676392103124066,False
0.6097783246636213,0.9471597419030588,1.0,0.43418949399113593,1,False,0.6682010460712201,True
0.4397191227724804,0.863095958619016,1.0,0.26502981174096657,1,False,0.37950418463063423,False
-0.1015614391187424,1.326355374554983,1.0,0.5067895062334796,1,False,0.7921040671463957,False
0.2523740355487223,1.1337773214749625,1.0,0.24204656861284135,1,False,0.3402797662080285,False
0.2524152315103355,0.918315513021028,1.0,0.07608133762412886,1,False,0.05703472426095313,False
0.0344156924165891,0.7814262385054946,1.0,0.18830816035939696,1,False,0.24856695618608407,False
0.2079576459029001,1.1845803646893691,1.0,0.28268595670162344,1,False,0.4096370955434327,False
0.3348217836235405,1.1403693972542206,1.0,0.2841871281643056,1,False,0.41219907416620866,False
0.1431560824028948,1.3694123928701614,1.0,0.4671889275354422,1,False,0.724519624865127,False
0.4416990800367322,0.8566303725401481,1.0,0.2680416647999618,1,False,0.3846443723732798,False
0.002255153138356,0.6974744831609985,1.0,0.27066984558436125,1,False,0.38912976471773025,False
-0.045842149256198,0.8233769672257101,1.0,0.237553861789355,1,False,0.33261227510104574,False
0.4815534623073955,0.7269612511087684,1.0,0.3513433575700238,1,False,0.5268114475031502,False
0.2894113748193666,0.8000317295519634,1.0,0.15220763411159893,1,False,0.186955888551897,False
0.124300899129789,0.985712949553024,1.0,0.09807366336130803,1,False,0.09456799064953013,False
0.3084020005437746,0.6579335829963066,1.0,0.278149395774523,1,False,0.40189476070355645,False
0.0279412516717338,1.0925559439098245,1.0,0.2412322966484407,1,False,0.3388900866026136,False
0.3968598674248883,0.7637808567278801,1.0,0.25983867942991634,1,False,0.3706447236433131,False
0.351236096873541,0.7108668918069778,1.0,0.2592199237064511,1,False,0.36958872239652285,False
-0.282978069730201,0.7736993308300286,1.0,0.47870287927107363,1,False,0.744169943928385,False
-0.0598766193486507,0.8788756341139663,1.0,0.23893839182874554,1,False,0.3349751873010765,False
0.2038781348227342,1.066086440476485,1.0,0.16465760388625977,1,False,0.208203665511298,False
0.0096079601137091,0.7724039248025238,1.0,0.2132445506544183,1,False,0.2911247188755617,False
0.4113046683496406,0.7531169854619135,1.0,0.2777543422911882,1,False,0.40122054153251746,False
0.5231849088615961,0.9800501938453764,1.0,0.3537756071497713,1,False,0.5309624532899478,True
0.4273241973838336,1.2208158058982914,1.0,0.4036727600181918,1,False,0.6161195736883559,False
-0.2378717728160121,1.1112491738343684,1.0,0.4646822332673381,1,False,0.7202415678354234,False
0.109250804987336,0.8571750096592587,1.0,0.08273002764449668,1,False,0.06838173033260594,False
0.0392819215853088,1.2538645877326302,1.0,0.3767402584137075,1,False,0.5701551418537106,False
0.1709381396488806,1.1012961068617142,1.0,0.19790582512267393,1,False,0.2649468385401974,False
