x,y,labels,distance_norm,labels_clustering
-0.07433269353920609,0.28266284822079246,1,0.31802214436042986,0
-0.7350956730562579,0.9177996798935647,1,0.31263594945195466,0
0.604262265716006,-0.9199609826730262,0,0.324963077198431,1
0.17326300098142905,-1.227477531295428,0,0.6514028832637274,1
-0.7393144354157004,1.1027402593741302,1,0.4381017835468068,0
-1.426124152622454,-0.3659920442827146,0,0.3326001756673471,0
1.719822887152706,-0.3036625859978238,0,0.3509250250623365,1
-1.0107614887873972,-1.1490947429588725,0,0.6958216134756704,0
-1.3267699418759835,0.6793925370316279,1,0.27905024189084565,0
0.8031284397931648,-1.1390577761923777,0,0.44155602666212657,1
1.2708668413860806,1.1894088803951337,1,0.7457148472697417,1
-0.09043464472840027,0.3013183601163238,1,0.3093371823571705,0
0.3813422378677434,-0.6644011167999126,0,0.2617516664713168,1
0.28273176067146283,1.4960134282793562,1,0.982500794552558,0
0.27138643613875935,1.595260049581939,1,,0
0.5146556760290453,0.5615851480216812,1,0.3416525703075573,1
0.09347247026963128,-1.1359239642522674,0,0.6340690212738922,1
-0.6455228831382179,0.8160146812207689,1,0.2568842647983623,0
1.3140203473921226,1.353453546619174,1,0.8621533814753936,1
-0.18165017505763575,-0.5666419147233251,0,0.46045226563804886,0
-0.4561350145544385,-0.9583006203715991,0,0.5999678184469266,0
1.2224403843729748,-0.25855632586526306,0,0.009942658274947221,1
1.022800856891487,0.4395271652842963,1,0.2048801429649651,1
1.72933443503107,1.2121400588090283,1,0.8861975422922439,1
1.0702702294039017,1.2535109374291604,1,0.7617896975404221,1
0.7291859318058488,-1.0587616851544515,0,0.39378515819273086,1
-0.06611525489325107,-1.4704354787164942,0,0.8825540563776041,1
-1.193537193968869,-0.2685399053283191,0,0.17351104989561641,0
-0.6874870645716896,0.4298013677115196,1,0.0,0
0.7479532395519475,-0.9397422659466217,0,0.31109710986320654,1
-0.11032801220047089,0.44422266270202,1,0.3232041931836279,0
1.1682557883683893,0.48347305649871786,1,0.26392754482162334,1
0.8545634033328442,-1.3605180907168961,0,0.5912159280496455,1
1.193624677266244,-1.1969787061587396,0,0.5084901528770417,1
0.55766095425262,0.5723441097769782,1,0.3355230654890128,1
0.7005262593457796,-0.7865063210799377,0,0.21667883967428095,1
-0.503824946849972,0.691721517287664,1,0.21845685782824378,0
1.012016478626651,0.5781379205296101,1,0.2970771574126565,1
-0.5659520318205348,1.3662654533928056,1,0.6356105117458687,0
-1.4748338873361402,-0.7496552690954292,0,0.5525697110322778,0
0.9142598393590505,0.6372819339054618,1,0.3313016578473203,1
-0.2765753525869967,1.5443455192363231,1,0.8115955304778298,0
1.2265481526445194,0.9331425589638164,1,0.5682759552160175,1
1.0812941509462197,-0.8591017672554732,0,0.26426660140927244,1
0.8311468342918871,1.0869137453959028,1,0.6407512719063928,1
0.18714261954601588,0.8455266578807491,1,0.6327262586522134,0
0.27323907761883304,-0.8100362220125512,0,0.3849165478976342,1
0.7714143281808643,-1.3162126191494636,0,0.5647228078072539,1
1.7527179627936766,-0.7761948795651313,0,0.49723199998840956,1
-0.9783200220422339,-0.8320155902946567,0,0.47768133037672256,0
-0.12232138214443514,-1.405294043815749,0,0.8709910840022421,1
1.6550150445929417,1.345494698730614,1,0.9416685230865015,1
-0.7883490219377881,-0.8284985470619188,0,0.4690427311654049,0
-1.0895594831378494,-1.4175380910224333,0,0.8855774864102459,0
0.23519361556021792,-0.38933584351232375,0,0.24973955385067786,1
0.08796368901711271,0.44010989662825756,1,0.4507518974647876,0
1.431218295031811,0.6857467842623336,1,0.47117159839363765,1
-0.837378858559859,1.0606860780435687,1,0.4059487357745676,0
-1.043523587087404,0.9591539461612467,1,0.3546951317838246,0
-0.7294850914310235,1.000865144778002,1,0.36954423057494823,0
0.668612008972627,-0.9384044273366015,0,0.32285201896785515,1
0.4313415497710316,-1.4433134150159297,0,0.7030966909685009,1
0.15978583997482312,0.2958039571906529,1,0.3715905189575536,1
1.4554061988638338,1.4604681220136708,1,0.9611635073948168,1
0.36191615227609775,0.9778640332468977,1,0.6445718906395422,1
0.6683624484652869,1.484066203308848,1,0.9226795498198684,1
-0.6491877248145865,-0.5278849436066083,0,0.2793349864774417,0
0.7024718333367642,-1.4527340023270872,0,0.6636588202503955,1
-1.5042542543904724,-1.4151849329298332,0,0.9631725047518298,0
-0.47151933357499554,-1.1831536360046606,0,0.7442841085683723,0
0.8302936714065214,0.7460057145425233,1,0.40712183356000486,1
1.5526234349066441,0.28508612560906493,1,0.3271396648196711,1
1.6567112167280735,-1.0152826894249536,0,0.5567004254144801,1
1.6107695244453668,-1.1989286767872058,0,0.6356613394703059,1
1.5163479813811276,-0.4694325201677884,0,0.25013608418906086,1
-0.08989255758499955,-1.282181859944864,0,0.7922262104837522,1
-1.5639399003349537,-1.5268388180023842,0,,0
1.3822538011535157,-0.4092077343125614,0,0.14925097213838784,1
-0.35844582513634854,0.7368045257711904,1,0.3019752491208483,0
-1.4855108169446707,0.5965681161621176,1,0.3258679035700017,0
-0.8300489240232631,-0.9526405157941563,0,0.5533005378986338,0
-1.3310089219078414,-1.3222290194650175,0,0.8615668659305816,0
0.8463617671237195,0.510033747680578,1,0.24475033322382148,1
0.20152018357825274,-0.6859617293679379,0,0.3656773677012451,1
-1.5463890638349533,-0.7076488248543793,0,0.5592547782869657,0
1.1454040714780964,-1.3525468224307788,0,0.603885081525585,1
-0.844445687171813,0.4582756797474326,1,,0
1.3227243839342924,0.863139743758144,1,0.5453034203253251,1
-0.5725671777147348,0.8089137589762888,1,0.2686909752836317,0
1.3150125768031158,-1.4128894444947544,0,0.6750348885223212,1
0.10656267950877034,0.7310941641612649,1,0.5440778364378591,0
1.5153294682322624,-0.7155365608203386,0,0.343005719161336,1
-0.15737912390830916,-0.33768492056962024,0,0.3669005873928518,0
1.019636263753385,-1.4346685827628014,0,0.6461782537710965,1
0.03784630518279291,-0.9534702287589161,0,0.5695233032071941,1
-1.5597963225419105,0.6918254020308879,1,0.40497368022217695,0
-0.5746670707062734,-0.39008641965198165,0,0.20812543832372538,0
-0.7785813214687797,0.9980171864246147,1,0.36435281976296374,0
-0.6723620534061979,0.5870782531347148,1,0.10228167182349195,0
0.5182411162089609,-0.44460563571265177,0,0.09234143420290293,1
1.5808148127453434,-1.5362173008979059,0,0.8242319544756503,1
0.12448191827542081,0.631442677000436,1,0.5221430471948034,0
1.3226327981589356,1.4713797808732674,1,0.9418612536061718,1
-0.3017854974055638,1.2797250681405377,1,0.6387002261237248,0
-1.6116073843238634,0.9399966403987752,1,0.5430111607081421,0
-0.1266798134928197,0.2637526553738204,1,0.28063637900895105,0
-0.08431024107801542,0.3842706054117012,1,0.3267632386500271,0
-0.6191356991648603,-0.3269907123615399,0,0.15615791037747223,0
-1.368595919943371,-0.5895187790048602,0,0.42101868062454645,0
0.8294144892749576,1.565344789015322,1,0.9689666081104055,1
-0.7450446883877399,1.0365145515279433,1,0.3925849478011724,0
-0.3462902858053109,1.476646624571218,1,0.751097215279441,0
0.7905892422371452,1.3931508735778375,1,0.8522237447512057,1
-0.8330127456785185,-1.424162491544573,0,0.8762045424383953,0
-0.6819241204784439,-1.3787757662841225,0,0.8503483832230241,0
-1.1941214243269473,1.1112294804462954,1,0.4853989002415975,0
1.451607443698179,-0.7731584156206358,0,0.33903607479306636,1
1.4371270574899453,-0.5109277541230958,0,0.21598613381104909,1
0.38861123424435995,-0.7939911243785761,0,0.32407964145022355,1
1.4670471865350687,-1.212434082803864,0,0.5911933457258927,1
0.611141626383579,1.5630764652615867,1,0.9820958540473881,1
0.5269225939978621,0.8657818129538528,1,0.5306219195606641,1
0.23859430144349855,0.38907873760607475,1,0.36640306604597883,1
-1.4165541145198464,-1.2488370385112282,0,0.8349005323194559,0
1.5902912211908016,0.30416178825217577,1,0.35586910653518183,1
-0.015319222697237895,-0.31932778580803883,0,0.4058668987104117,1
1.3446506185300018,0.43813786251717585,1,0.29718692497794547,1
-0.4302609760135254,0.9964030680622901,1,0.4257111498287798,0
1.1751082863433688,0.8652428723738381,1,0.513702723044337,1
-0.44899613362820984,-1.0013268112916573,0,0.6294582021042555,0
0.4051661277555962,-0.40660422905850885,0,0.1457696399832222,1
-0.37879823402246476,-1.4543390525846873,0,0.940209652629604,0
0.01606991386477959,-1.2959182063242873,0,0.752987819264706,1
-1.3893605842213297,0.9356386296402358,1,0.44205371217904205,0
-0.720130354253561,0.8415954261731876,1,0.2625581294544423,0
1.3977322098859881,0.9234679694143363,1,0.6039343129185674,1
-0.36573449810874015,-0.25433184464297925,0,0.21989533405973088,0
-0.6160075537509547,-0.6734032706140761,0,0.3814812547818703,0
-0.12596223050027408,-1.523975312638612,0,0.936577387155626,1
-1.5862692899221777,0.3065251770150902,1,0.3138939898281467,0
-0.6566680593098287,-1.5193103235283072,0,0.9478567666114927,0
1.6572321226235118,-1.4410174956077078,0,0.7924336956226621,1
-0.08874914908977102,-0.6968143044506103,0,0.5383962393026431,1
-0.750843960909212,1.5019819550855074,1,0.7099866243068034,0
-0.1576282910088085,0.6348341640491177,1,0.35636476129780337,0
-1.333717890041447,1.356761766001345,1,0.676987129924985,0
-1.1076047465514414,1.040135778442385,1,0.4200790167316263,0
-1.4736334482910218,-0.7955222632890346,0,0.5780329311266625,0
-1.4098339676188458,0.7717184045538458,1,0.3640751191957142,0
-0.30507415922833847,0.5714498089708987,1,0.24926031256976713,0
-1.0274173994943214,0.7888821546184152,1,0.23947206912203345,0
-1.229265692875953,1.476416465089899,1,0.7301717915486311,0
0.8010416297300268,1.5019289436432033,1,0.9263465592031411,1
0.5514239444558927,0.828694859690321,1,0.5010644835098077,1
-0.8910516609386331,-1.1484826077305041,0,0.6882171517424012,0
0.8606864000250507,-0.8676715224914207,0,0.2529476078190268,1
0.7181957305534044,-1.310342888887085,0,0.5653861536349521,1
-0.6243411891336609,0.45112495982580214,1,0.03561810835614992,0
1.2191733466438446,1.0202544445812807,1,0.6243305738445152,1
1.6087913277103774,1.3654179516107723,1,0.9401393068586544,1
0.9649676218893143,0.9057302009862074,1,0.5170896991466051,1
0.772788014173654,0.5061951664397593,1,0.2481674039082754,1
-0.1509587817770967,-0.44810954881447645,0,0.4179913157983571,0
0.48816654841853385,-0.3730047964904005,0,0.08444862541742032,1
-0.8534152000844457,-1.438781603529396,0,0.8862838039835886,0
1.4252655964033054,-0.8372744484779954,0,0.36049738667618264,1
-0.34497084175759146,1.3765461822798153,1,0.687503088107462,0
-0.7052927161208792,0.6965165384709153,1,0.1672437744108726,0
0.2835925386524411,-0.43578657737295706,0,0.23002217754778034,1
-1.460861497520053,-0.5260643096739165,0,0.42678996289199794,0
0.6143265554390563,0.6650789712721569,1,0.38083872915605166,1
-1.4204984530346776,-1.401139054217389,0,0.9329730684215173,0
0.17403233334858517,-1.2153449810507357,0,0.644231052018655,1
0.25244435581622426,-0.6802001567264908,0,0.3355500671330851,1
-0.3756701579055921,0.535376658047094,1,0.19602320683385555,0
-1.4265433926889597,-0.9367480424937268,0,0.6444116790070293,0
0.1922273371918947,-0.43095205237939244,0,0.28702316020022495,1
-0.6290820603517902,0.8366178255298067,1,0.2736219956102715,0
1.1336627371304944,-0.5244280550916395,0,0.068495266704595,1
-1.064202940423,1.0739320200158757,1,0.43435700694017276,0
-0.8262936346281884,0.728012718850077,1,0.17817391889303688,0
-0.8903137003810093,0.3943702070720087,1,,0
-1.6321729466415489,-1.1942820021211,0,0.8672100071314258,0
-0.15225549267686522,-0.7464878188441594,0,0.5684632993681726,0
0.7988217269968272,0.5456745765627049,1,0.27228400962918026,1
0.6030085766499523,-0.988239339921513,0,0.3692417234521225,1
-0.4517150030218175,-0.9632608588050678,0,0.6041581994625154,0
0.23758728537641596,1.3031285504400831,1,0.8631420014496114,0
0.0731851607371203,0.5632996731764854,1,0.47059018047182827,0
0.3756112362091997,-0.5306479609741828,0,0.20637575536029296,1
1.565023542925552,-1.4052977451217241,0,0.7396221849989424,1
-0.6908568758811947,0.5322078191562221,1,0.06266573638459816,0
-0.0839599976714922,-1.315009848965869,0,0.8065668580507409,1
0.22304888635604692,0.6211117678500933,1,0.4875113279279428,1
0.003031455840986944,0.4936522038290871,1,0.4078380866175652,0
-1.2768009771490814,0.5384206952352817,1,0.18764950879102857,0
1.4705202258348513,-0.7414112645534505,0,0.332482042908233,1
0.9771142431029048,0.6785597032948684,1,0.3623675415268979,1
-0.16288646644089652,0.7594843307274969,1,0.406505447574915,0
1.7050333221423106,0.6015116808999724,1,0.5460491603537108,1
0.49762403937284594,0.8604536985693672,1,0.5341037960240211,1
-0.45068663553884764,-1.397297684680641,0,0.8898443465004615,0
1.3487665080000293,-1.0108108963195799,0,0.4307803940547835,1
-1.435445418284741,-0.8159263003329134,0,0.57570535031564,0
-1.247163845103409,1.3185468177608466,1,0.6312085387563326,0
-0.6134907878581585,1.3413052333716908,1,0.6122999677178875,0
-0.5242412238651022,0.29274213978499103,1,0.021508942383324285,0
-0.9946560382700291,-0.5606213428578032,0,0.29669861697723793,0
0.9613685016850894,0.9734178294589847,1,0.5633024822969223,1
1.1892179734734665,0.7616174867395725,1,0.44821981908051817,1
-1.1762390449334679,0.4457628441641254,1,0.09409273030549131,0
0.7350732294365677,1.0211986792287935,1,0.6016530565161128,1
-1.2940530193838333,-0.3691636520688361,0,0.2705933883139182,0
1.2090001309476333,1.0631191563451339,1,0.6509767599206016,1
1.6966186778804528,0.6370554697126506,1,0.5589823112642106,1
0.5379862160873157,-1.1255867031491087,0,0.47310087812822454,1
-0.014002405005281297,-0.5785679989086157,0,0.45650852574028544,1
-1.49554276040027,0.8163112649645502,1,0.42691748814810254,0
-0.8561495932987927,-1.0724660784419366,0,0.6354702606545019,0
1.2568145016797325,-1.3354367827451865,0,0.6120605014352255,1
-0.9464417471675574,-0.3955509893062938,0,0.17927675377505575,0
1.420679904738106,1.1557394935102214,1,0.7567083621440043,1
1.254247924834551,0.5470988975066544,1,0.3283864741100165,1
-1.479067559502134,0.47056590646194396,1,0.2791442249230131,0
-1.3622866387611832,1.1369853550853426,1,0.5494062941678879,0
-1.5880340343057782,1.3681665971147319,1,0.7640743502126498,0
-1.5628947756128837,-0.7168515760481373,0,0.5713039507775923,0
1.33384629634641,-1.1340061954328557,0,0.5018125464709396,1
1.5889022865472247,-1.2999777001523236,0,0.6853518395482561,1
-0.49584397197156044,-0.3665986256524637,0,0.220272483556494,0
-1.5047691121494295,0.8589704979358387,1,0.4521771044849298,0
-1.5982015900357691,-0.8834430002780865,0,0.6762510601092104,0
-0.6103835451034798,1.366059072648439,1,0.6293538932602785,0
1.1479747356719752,-1.359419655209617,0,0.6088692927026942,1
0.5313276775762668,1.2377702803853843,1,0.7744030993029252,1
1.617613457569655,-0.7329076510024273,0,0.40489096169742056,1
0.41807515482953644,0.37618957214711946,1,0.272693227836678,1
0.0881280615976373,-0.6403328656482361,0,0.4134532728087111,1
0.8036117228455472,1.420021950897271,1,0.8701042255393455,1
0.5631402580294227,-0.5407351538609532,0,0.11394297549722918,1
1.142786223923891,-1.2218882444537247,0,0.5160129154443561,1
0.07365566145189299,-1.5289109602512554,0,0.8625957617885271,1
-1.0733768202249911,1.199523777715329,1,0.5194621659755001,0
0.7544078610825684,0.7249925225839573,1,0.39844592322231975,1
1.27773653384365,-0.45263598470855826,0,0.10276399332778359,1
-0.9070122694738725,1.2230656961103419,1,0.518799183273126,0
-1.1669184695175578,0.9071704407940064,1,0.34899875829867855,0
-0.9431040850859006,0.43574467747772894,1,,0
-0.8411030348336108,1.3691602067848017,1,0.6172082519885674,0
0.44766168857138317,0.5815683760158633,1,0.37586319512886635,1
1.0874909062331382,0.35202125556450503,1,0.1595624244737946,1
0.7607317378161162,1.2941432817340837,1,0.7860187582199916,1
-0.6118646119048433,1.4553357665479063,1,0.6893496254326251,0
0.5071528493680996,-0.3211040534776475,0,0.058120472479767836,1
0.6781518343690758,0.519783733634655,1,0.2724824084318188,1
0.2033428496591731,-1.319239637520209,0,0.6933586390140459,1
-0.317578175447283,-1.4185807721157262,0,0.9290162695668932,0
-1.390586704881635,1.0340731033868624,1,0.49841252079383197,0
0.672284317448897,-1.0587498828699686,0,0.4019938682040833,1
0.41850685023088885,-0.8028410787411826,0,0.3162547223659001,1
-1.1051165655902937,-0.7213836758996902,0,0.42248980239435613,0
-0.4970456085552012,0.6211691266457989,1,0.18107723729322375,0
0.31158847149905916,0.7009893452755186,1,0.49495606185703817,1
-0.9695098950464196,-0.2950999400444695,0,0.1161832024889941,0
1.6035709543056063,-1.3720965877955056,0,0.7329155273950686,1
1.4656952926897118,0.28509004497531054,1,0.279215581078002,1
-0.2041480952141641,-0.3011393974227793,0,0.3262710862005579,0
-1.3661054272177398,1.4566087675484811,1,0.7486527430653999,0
-1.4784999121678368,1.4938687705941867,1,0.8033201075886471,0
0.9262321421527224,-1.0936435950185677,0,0.40805869742932,1
-1.2530365499651084,0.49676192675064,1,0.15691672961067338,0
-1.5147171116700162,0.6029885464156429,1,0.3449865377039021,0
0.38287748434736035,0.715061605821378,1,0.47744891320972116,1
-0.15507389101848806,0.8561421885373252,1,0.4560679631547553,0
0.6762244099185564,1.3880939032556263,1,0.8566685685524508,1
-0.37850645329501703,-0.42381458306418446,0,0.2988103569124632,0
1.5391203449396997,1.4036792031272334,1,0.9449947600240256,1
0.9479353013751239,-0.31665322161990234,0,,1
-1.5373652069282444,-0.6402500233577986,0,0.5200228752919666,0
0.5944379065374884,-0.9419034932921063,0,0.34144430105387513,1
-1.1062875659443612,1.2226629571068226,1,0.5401700694447454,0
1.4203217213445891,1.0767543387200227,1,0.7064554533152076,1
-0.659733191224713,-0.7063441298693084,0,0.39668097458445584,0
-0.9451832211928402,1.4267396157727064,1,0.6598835489631966,0
-1.1742856773330905,-1.1150335177870885,0,0.6947708485178521,0
-1.3148439214362746,1.0089352416641653,1,0.45693734134469227,0
0.7857659862163826,1.3315632770051202,1,0.810261536133046,1
1.6715238741903926,1.321116909003704,1,0.9319448333063778,1
-1.1236938187078818,-1.234042643017781,0,0.7661737919509964,0
-1.104237848541748,-0.9703730933014576,0,0.5869881624742747,0
-1.2396122344504572,-0.30472591187629544,0,0.21282766825929142,0
1.3375456417897402,1.553486498859762,1,0.9989893027123381,1
1.1420718238879999,0.9788635233573034,1,0.5840803351238542,1
-0.05429946188197372,1.2269532054684456,1,0.6949247661293108,0
-0.5452005620263586,-0.9191097638423098,0,0.5565581650979982,0
0.1728596926062859,0.7134228717173097,1,0.5583108834935101,1
0.7158782338906735,0.7047359401055482,1,0.3893440597054815,1
0.5704126065288947,-1.1614200807028923,0,0.4890304955968048,1
0.49451329300306923,-1.4507226111810574,0,0.6940977300240122,1
0.6714237384902572,-0.9306687855171553,0,0.3172137317577769,1
-1.109619342873973,-0.8072425645013077,0,0.4797719127535712,0
-0.6581833006357807,0.943070483862353,1,0.33899845928655903,0
-0.7714880960740527,0.4864438282129444,1,0.016962667679187794,0
-0.09992992881164925,1.0765736639003214,1,0.594188942505044,0
1.1305745160112006,-0.9135221535679616,0,0.3097691667896918,1
-1.268762954806167,1.2682136051792958,1,0.6040921744394507,0
-0.5882859585666843,-0.7758020003274694,0,0.45412939878130526,0
-0.1300308934089231,-0.8132372491524724,0,0.6142842544770241,0
-0.20507575115540924,-0.4159425906465177,0,0.3757223865127117,0
-0.25343490049045997,1.1737638164652922,1,0.5898157145231354,0
0.6619841582500134,0.3477680740273355,1,0.165549271633673,1
-1.588705403297062,1.4800047553658493,1,0.8300780054870228,0
1.3041742475538831,0.6346112963204884,1,0.3974722265112315,1
1.7527370155973427,1.2155753707354615,1,0.8966026192829268,1
-1.3773576387776587,1.3796577428378938,1,0.7032139169857496,0
-1.3279828830254674,0.8449059148708836,1,0.367065056153755,0
1.1544144133305625,1.4331666970612453,1,0.8921409620497432,1
-1.4401469115948418,1.0225461667232467,1,0.5107224240009055,0
-0.6093267813194034,0.8594896582758043,1,0.29262594713162415,0
1.1249896626040354,-0.9114204631813771,0,0.3072286350376205,1
1.5428387329271762,-0.5948312525516906,0,0.3081272660260879,1
-0.5931363626513791,-1.2300981979596983,0,0.7576423693639669,0
-1.156921335780914,-0.8739607042337527,0,0.5327925991578698,0
-0.2444871247756373,0.7418970603115974,1,0.3574353104866497,0
1.7568313972854108,-0.6465106091957672,0,0.45254917798122146,1
-0.266170964290385,-0.25190068335871896,0,0.2720831746057576,0
-0.4308009681307707,1.4621464068058119,1,0.7229957998569774,0
-0.36119314285575554,-1.3717294707531285,0,0.8893784841544481,0
-0.4808818244024836,1.3816951654404754,1,0.6603529008583804,0
0.13077953873459025,-0.9018401919091,0,0.4987240801246286,1
-1.379011086078748,-1.3173418154130185,0,0.8692872617749986,0
-0.5227811485520484,-0.44093419836492403,0,0.2551128878191816,0
1.241776821121251,-0.40180950486103006,0,0.06262107217526734,1
-0.45229165525737364,-1.4083203697329334,0,0.8969133968538877,0
0.49088295363167816,-1.068737519294435,0,0.44918569701295974,1
-0.48247788327915214,0.7980544381203379,1,0.2886355351020661,0
-1.343227776107088,-0.5050246622169774,0,0.36410261444353265,0
0.8778183404881864,-1.3803789941212319,0,0.6045093989367769,1
0.3068758457015342,-1.4258403805015232,0,0.7246706575123968,1
-1.2380926217322556,-1.4506025481306484,0,0.9282203252079867,0
-0.1384862006700644,-0.7451339152079828,0,0.5734333109475835,0
0.5361974132728397,-1.2463408892681491,0,0.5517456542390456,1
-1.191261123768045,-0.7471758477830125,0,0.45858240548037665,0
0.7476803784420584,-0.5535842667592555,0,0.05486884696567885,1
-0.9694388252738214,1.161269042942396,1,0.4809504767845585,0
0.8935581497567614,1.0839746762921936,1,0.6377417226019514,1
-0.7342601195014349,0.3639087385293885,1,,0
0.9478614268776243,-0.9832888833122444,0,0.33319263032009006,1
-0.7313468392691471,-1.3911600707331884,0,0.855989934208781,0
0.04456845458630739,1.2781175748630988,1,0.7638078135243292,0
-0.4602785474440224,0.5042895851526822,1,0.13821064186526974,0
1.5478757905746248,-0.5159317118894481,0,0.2837635862045376,1
-1.0631433057339685,0.8846142643649665,1,0.30933886053936704,0
1.6497474723672894,1.3786227025686224,1,0.9604372706635346,1
-1.0234852052917052,-0.548832391446019,0,0.29350337456093983,0
-0.9355577121293809,0.9179712876978462,1,0.3127283401216412,0
-0.9376267386224698,1.4552374273723532,1,0.6789058878905532,0
-0.5199742022025706,-0.7232814322875395,0,0.4335829118674669,0
0.11073345222209806,-0.23045836742651368,0,0.3126948073097568,1
-1.1541011861677406,0.29501187572829174,1,0.026796472544349765,0
-0.08403036669490875,1.1131847166124147,1,0.6205835109038311,0
-0.5763655291600377,-0.7392245988318691,0,0.4321482903423472,0
0.5291307442864208,-1.3483818024052594,0,0.6199547285657911,1
-0.12280075080228015,1.3570314663305147,1,0.7433309131037582,0
0.6941598915863832,-0.23156395996414686,0,,1
0.48196243298990654,-1.4990615370695957,0,0.7283464532644712,1
1.1771654952971622,0.7830583490858043,1,0.45984301856085824,1
0.3294996247643318,-0.7468081085276624,0,0.32687313212814983,1
-1.3080249819605183,1.2979487624229522,1,0.6330413057253175,0
1.0307969211639616,1.0911278627531364,1,0.6479047500202405,1
1.3514317905166124,0.5265302740876247,1,0.3496063981121662,1
0.5640818854059853,0.8264539743981997,1,0.4968541521904427,1
-1.2851366379436964,-0.23871937638953744,0,0.20252871899958322,0
0.3884135256926972,1.00355985416797,1,0.6533133948847543,1
-0.8676607763069853,-0.47858599328560286,0,0.22919969058308756,0
-1.6481326734809603,0.49202257719059456,1,0.3910119093910405,0
-1.5083747035719497,0.35000364664720934,1,0.2687798246643545,0
-1.612886793843872,0.3481160142418146,1,0.33773920413002273,0
1.3572978710094563,1.5958892639572897,1,,1
-0.029704861172427988,0.797335492040102,1,0.49310394414618663,0
1.6020825961362,-1.491337204913754,0,0.8036728514332794,1
-0.5195429829125295,-0.942183011152825,0,0.5764816575219833,0
0.07420370882460608,-1.4460236795916594,0,0.8140775776823731,1
-1.365308985048484,-0.8242314336195486,0,0.5566861390835527,0
-0.0193166413824075,1.0572236653971767,1,0.6200388249111762,0
-1.4336806050758903,-0.9368628656071146,0,0.646807819828031,0
1.7303640059647774,1.187919134594324,1,0.8723759803115302,1
-0.1737029720068048,-1.3708678560957641,0,0.8759531119730294,1
1.3165727383000594,-1.1985804729854395,0,0.5376939090578037,1
-0.05510401875303241,0.26368307769054017,1,0.32919141292643067,0
-0.32796162719144833,0.4239924976082581,1,0.18148299659142966,0
-1.331489855309851,0.9737202505658518,1,0.44192538515028545,0
0.20394618545426,1.5154301284754481,1,0.9591042399106325,0
0.8001668019557682,0.270189096739837,1,0.08547505604007855,1
-0.9863952825309739,-1.3594227837607868,0,0.8369836237488325,0
-0.4267105710118448,0.570779818455934,1,0.18630766436252622,0
-0.04008145340792156,-1.1887166365018167,0,0.7216583451372537,1
-1.5906977735553118,-0.7327455875424047,0,0.5918684063303056,0
1.174292216290119,-1.241826383932841,0,0.5345703662594814,1
-0.7725782622572755,0.7511612676914727,1,0.19626599335963985,0
-0.06149010506775522,-0.47974558889584323,0,0.46262216596601236,1
-0.06747627207937865,1.5554942778864982,1,0.8801040056698928,0
-1.5852960147599802,0.4160605460090312,1,0.332499060161751,0
1.059525127228716,-1.1297148658026739,0,0.442417131743615,1
-1.2490564980418273,-1.1886521350869699,0,0.7573265636090692,0
0.13023911677623987,-0.6047888242604704,0,0.37622685410927004,1
-1.0639743373348454,-1.4516865528258098,0,0.9060806558390826,0
0.9186044641634125,-1.4807639222730578,0,0.6735634676213184,1
0.12794043676585795,-0.9479085926468662,0,0.5223276889956141,1
-1.3548413448172185,-1.3884079030355352,0,0.9097247255969219,0
-1.6533869931614085,-0.33499614872157485,0,0.44552357077711136,0
-1.3703462262334658,1.0033109058965723,1,0.4731976124883423,0
-0.4592240056836489,-0.997180805085022,0,0.6245747020359831,0
-0.23697475042314353,-0.5674032330785648,0,0.4361598516775399,0
0.973369272337789,0.3005002003279106,1,0.10470530442806661,1
-0.5028863020946108,0.3687208727684486,1,0.05854126606302031,0
1.204575900096315,-0.26848954118508445,0,0.0,1
0.730446889436492,-1.4248496601533904,0,0.6420673316308161,1
-0.8927205802221165,-1.4752883667968992,0,0.9119013550966885,0
-0.30500651710443516,-0.6140212937115735,0,0.4337371079098097,0
-1.2086445815206674,0.34627446513159754,1,0.07537533979916285,0
-1.5048532012459117,0.4856764618471055,1,0.2995448172569176,0
1.041820142239758,-0.8433096391601869,0,0.24717025305543375,1
-0.07342354772036984,1.249380918162643,1,0.6997788492331052,0
0.7891525661734617,-1.3108488581879196,0,0.5598765316183991,1
1.3713109174345073,0.5499553074318329,1,0.37054750018445787,1
-0.5267373922172263,0.43634128255261695,1,0.07324728967411787,0
0.6906703046320425,-1.0748563434252678,0,0.4098717954677661,1
-1.489218813449432,-1.1841794984680831,0,0.8148471591533315,0
0.249438654593174,-0.8739163541589612,0,0.42804449298517483,1
1.0516775942505474,1.1595966271634752,1,0.696241581385948,1
-0.2571659428477883,-1.099486923928169,0,0.7403308715669156,0
0.9624911136957951,-0.8934449228971727,0,0.27256400608327214,1
-0.9760731362421425,-0.8979430650122044,0,0.5221949762093292,0
0.875968691713488,0.6015568619035746,1,0.3066642863288583,1
0.3290622521059304,-0.7098581236232127,0,0.3092545474335147,1
1.4369131657710026,-0.6297924205132345,0,0.2638357967206448,1
0.6325439017341443,-1.2854323036153827,0,0.5596866290321374,1
0.7142460614965029,-0.49886528231319,0,0.030205130639562407,1
1.4864202598094844,0.4202090936217736,1,0.3516782317954783,1
-1.099341646605836,-1.0424312684319261,0,0.6343535149074608,0
-1.37492603370075,1.220322604800903,1,0.6039688209689352,0
-1.1191548961865565,0.64163723477682,1,0.1720881791734277,0
0.10683672966324732,-0.6433469363129224,0,0.4034501828953397,1
0.29388275554386195,-1.1339821029772295,0,0.5524185644766838,1
-1.4233522684505966,-0.7683558549902996,0,0.543674413179906,0
1.5559191504892302,-1.1682497919848698,0,0.5970187124938671,1
-1.3550951416505528,1.0491118840591933,1,0.49453543538900985,0
-1.2477595121321128,-0.2739031320054116,0,0.20092700211553322,0
-1.4131729804042592,-1.4327428404660543,0,0.9515485459538701,0
-1.5286976099370948,-0.7556703287732598,0,0.5776205007684921,0
-0.07819943837749058,1.1340136020537452,1,0.6342722285175367,0
-0.3077946647453688,1.2707443148280007,1,0.6313778134393957,0
-0.43917395258449254,-0.6316834362459495,0,0.39750578740862225,0
-1.5755029795038036,-0.7898187236413208,0,0.6156834830697872,0
1.4711602670571255,1.2813985846806861,1,0.8496746393902994,1
-1.5491205746147758,-0.49025143614941236,0,0.4521494529472392,0
-0.662220093776836,-0.5804388859578711,0,0.3120626842419084,0
0.1744728330665932,-1.161198480005509,0,0.6136936854922804,1
-1.2738723265854335,-0.2252826297949982,0,0.19065220174384215,0
-1.492164422817292,-0.8938842631385758,0,0.6415407063136989,0
0.9797859316861116,-1.412819883743381,0,0.6288800989502712,1
-0.6213608445488938,0.7284965647589307,1,0.20521919851302584,0
0.9335831181394948,0.9137000586418534,1,0.5214046128660745,1
-0.8622167469746288,-1.185097105100714,0,0.7126664516250257,0
1.211631521459982,-1.382114297714612,0,0.6342319881051168,1
-1.0981985524517253,0.9472790707938513,1,0.3575710049951854,0
0.7707855247003215,-0.7769798271133781,0,0.19841392533358407,1
0.04299018128772452,1.2767391958241874,1,0.7623974250867106,0
1.4161573019408142,-1.312275337641281,0,0.6366111479528198,1
1.1219360542585761,-0.4366240559982036,0,0.015850772233029938,1
-1.2125338171167013,1.32702499637112,1,0.6290794840261766,0
0.204275478404351,-0.6375944811221039,0,0.34490715641934083,1
-0.8702540626937209,1.0976692660096445,1,0.431717154628393,0
1.088453309820826,1.574736363114836,1,0.9822473695648705,1
-1.1060679553611132,0.4404909696395115,1,0.056350619508677306,0
-0.6507017098917623,0.37186085458579665,1,,0
-0.9462019717438706,-0.6506847013699607,0,0.3516494412192706,0
-0.7418713021933533,1.0255875440480573,1,0.3853720770605301,0
-1.3473159243215678,1.2799914112108632,1,0.6325374545012431,0
1.3937391883938146,-0.9103064411375766,0,0.38794828253616,1
0.698608005457515,-0.9375117182806683,0,0.3168642078338727,1
-1.1306235644672717,-1.5005162870419695,0,0.9463011053863881,0
-0.486337721704574,-0.9550629308475271,0,0.5914546670986419,0
-1.1780952519960892,0.7732694895430858,1,0.27035927107570357,0
1.442886939217457,-0.6414161933183052,0,0.27211780121826085,1
-1.2442798566869808,1.1508370779083887,1,0.5232574372606549,0
-1.3212121124857654,0.6182927766992833,1,0.24682014458176638,0
0.6849063058097227,-0.9940824817174126,0,0.3568217353496014,1
0.3425741034765803,0.5954475503595859,1,0.42321399761897166,1
-1.6622393533813207,-0.3433474961796404,0,0.453676037756495,0
-0.48034227245214095,0.5087822854251712,1,0.13033622421535027,0
0.5847419432345129,-1.5233699279492463,0,0.7262331599637317,1
-1.002956218402446,1.5684559508879554,1,0.7604868525914374,0
-0.8646436399517308,-1.1706244153522076,0,0.7027920027371078,0
1.3862277582973226,-0.8239390961087081,0,0.3367856976010418,1
-0.8133422544101386,0.539562966524548,1,0.049510183279479175,0
-0.05507371602282902,1.3053821971744533,1,0.7384719154449298,0
-0.41617257053893775,-1.5068099183778987,0,0.9683308254908616,0
-1.0497185738654806,-0.9699279332100631,0,0.5788999682996915,0
-1.2243586032029836,-0.2941581616610625,0,0.20052930409048367,0
-1.2004864477282293,-0.4068418826557112,0,0.2528648268852592,0
1.4342656794443456,-0.3490720793081583,0,0.1670307524661039,1
0.4807075442573408,-0.44343104215592616,0,0.11305812796860387,1
-1.1038163680364979,-0.9316711885044375,0,0.5611564014230136,0
-1.1421543449692306,0.44017173731618314,1,0.07396750951771366,0
0.35463786472715886,1.4886050357269975,1,0.9736086397947228,1
-1.4849853830807362,-0.47079811189081205,0,0.41105033322445483,0
-1.628035075593596,-0.2689543400034227,0,0.4079230490056891,0
-0.08999006375818328,-0.5157989458409938,0,0.4800360223262593,0
-0.4436133860000412,1.0229199742231416,1,0.43825644341209297,0
1.5546744027734585,1.1622266465582174,1,0.7983299914726818,1
0.9612633053873697,1.5221777793688949,1,0.9395551905712198,1
1.2355401514762843,0.37457963353218254,1,0.2188251847860011,1
-1.6521581056739423,-1.0663890981140258,0,0.8001936363974961,0
1.7109194824345204,1.3636131474566733,1,0.9703703245290752,1
0.5965816620987977,-0.8157641372515372,0,0.26104650862806966,1
0.2001528103974256,-1.2729261864881933,0,0.66740939947196,1
1.1360423168100569,-1.4854974893419033,0,0.6921175435917591,1
-0.13942062603665642,-0.6836484500196947,0,0.5400811858558874,0
-0.09456358030384625,0.6919859743630862,1,0.4142254578112324,0
-0.039834030728272005,-0.9129008776287678,0,0.5920286604731443,1
-0.4725033564305535,-0.4281810558209406,0,0.2644831743874655,0
-1.595188062742678,0.5863777140001543,1,0.3863124482690981,0
-1.4910298202635897,1.402305214736132,1,0.7512155790379412,0
1.447897814255171,-0.26946479794219286,0,0.16291901294081979,1
-0.5186413031788063,-1.3009931192496365,0,0.8150831021746022,0
-1.4880714894371094,-1.2856487927922369,0,0.8774521588027371,0
-0.9011995505455699,-1.1863567120930634,0,0.7144442018321157,0
1.4420351508249525,-1.3710588777669088,0,0.6806979755959319,1
1.2156659410642048,-1.244683713661147,0,0.5442003977484878,1
0.934301242034268,-0.5478314706281301,0,0.03457363443910612,1
1.3745515452935617,-0.603090496124031,0,0.21945695759316275,1
1.427942576558992,0.6014480013067396,1,0.42163134930702456,1
-0.8715938540198689,-1.0925549270047061,0,0.6494653085868672,0
-0.5290370203374658,1.1298745549220814,1,0.48574200416485686,0
1.4374562174417138,1.565717049998356,1,,1
-0.3291959495205021,0.4552678131561228,1,0.1910394226533017,0
1.7005390001223326,-1.3451114019882595,0,0.7532394689990204,1
0.33918958347634803,0.5547369867501919,1,0.4020919049770146,1
-0.8857188012341513,1.3737759869523831,1,0.6210734438940075,0
-0.4624550479431519,1.0485507950601516,1,0.4491646088619852,0
-1.018963099962126,-1.296602817162826,0,0.7967227860071922,0
1.6731563860996763,-1.1531323937944256,0,0.6361306541388928,1
1.0620685156584972,0.47099992990216705,1,0.2321815683716076,1
-0.23027226696738592,1.530954192184485,1,0.8155016269779146,0
1.0220740086626965,-0.7776572382146089,0,0.2002394569914369,1
-1.5824807267362708,-0.8531073391042329,0,0.6531307655079385,0
-0.19401602151401293,-0.4711423029275429,0,0.40726327227823955,0
1.3120110772026388,0.7565576306234212,1,0.4752537279244589,1
1.430748609325113,-1.393431460826255,0,0.6915199998723438,1
0.581811852884707,-0.3987438412108902,0,0.03852887673092111,1
-0.5137336737815675,1.5064784091634191,1,0.7372258668898336,0
1.5728329073780185,1.5181948693836658,1,,1
-0.09348082362588678,1.2454094894064234,1,0.6897224422571899,0
-1.0760738243730048,-1.0007549882858429,0,0.6031178064350161,0
-1.6735557171845443,-1.2983855853318846,0,0.9430937342548881,0
-0.7611065955727562,1.60939931764038,1,0.7830285004786905,0
0.642321195089809,0.3475816628251341,1,0.17107579938210865,1
1.4891145965119765,0.6064490061908069,1,0.44916347328783635,1
-0.7712423849057298,1.5392468356028508,1,0.7347038662409279,0
-0.963607006031915,1.1608987968625224,1,0.4801798161553147,0
0.8002605271549532,-1.2665793735468878,0,0.5289400972839081,1
-0.9090386925426829,0.5201640120387694,1,0.040898976719648886,0
-1.3179079626014927,1.2452710872976835,1,0.6025792282677567,0
-0.6054864523480201,1.3574302760903463,1,0.6241727469022472,0
-0.36725354453559733,-1.5417557058259952,0,1.0,0
0.6110090140509369,-1.5559210860907746,0,0.744293636180106,1
-1.4316872317973495,-0.39192278777914197,0,0.3473742332716993,0
0.1125184209540953,-0.3479989510395157,0,0.3234036973920264,1
1.6050812164718615,-1.3951961150187728,0,0.7471082159276617,1
-1.3181826248978785,-0.8988151853642031,0,0.5881341359789923,0
-0.5711129068813837,1.2756491525291336,1,0.5743443300152233,0
-0.6000751445663792,-0.7857406681130602,0,0.4587203552023482,0
-1.013855082270567,-0.47212240822516655,0,0.24108673417148296,0
-1.5840298221267566,0.9352347224814239,1,0.5274500060602518,0
-0.3433102677114573,-0.9877196043711541,0,0.6464408733826437,0
-1.1973242356231275,-1.4296063361254392,0,0.907754460475949,0
-1.2915590191324442,-0.29032351486160674,0,0.22993919773945592,0
-0.16430686246236784,-0.6038654981634796,0,0.4874037277693437,0
0.20198692216328665,1.0746097219684219,1,0.7366507899956428,0
0.29583612952608274,1.5722390699393336,1,,0
1.266408504253042,-0.2732503495936879,0,0.041703438525120165,1
-0.38768063852495876,-1.0193215844683639,0,0.6551428895796455,0
0.9150150115161751,-1.060166281744416,0,0.3848408733262793,1
-0.7756771078825869,0.35789122782986404,1,,0
0.9231191231255235,-0.24224995745355535,0,,1
-1.1513015383332488,0.33664359064093125,1,0.03752154811007479,0
0.812992564647991,0.9038725497427497,1,0.5160632141196707,1
1.6983441568925441,-1.1834711843199535,0,0.6631956504456376,1
-1.2256250498040393,0.6025663644578262,1,0.1934511895098327,0
-1.6648757056878445,-0.35086911288018413,0,0.4579106014052895,0
0.4153661248444087,-1.3269688454017863,0,0.6325517573302059,1
0.6553125315274628,0.9166168778017204,1,0.5402317977171707,1
1.3924886868808082,-1.3584152616056668,0,0.6590349756678813,1
-0.7599738714509723,1.1744493461025236,1,0.4857794133991093,0
-1.292144759037957,0.8969899820995729,1,0.3830528740265623,0
-0.15795126605541304,0.823640727677504,1,0.4389438370666316,0
0.5561283943613589,0.3185707304406391,1,0.1834174852620949,1
-0.9393383408633887,-0.8321791219413656,0,0.4745040077442452,0
-0.23443555103259922,0.9030996731415165,1,0.4438902095191593,0
-1.6006667762344668,1.549760704125298,1,0.8757467849155919,0
1.0471208832954708,0.43077756818573854,1,0.20287062744509127,1
-0.8860500104252199,-0.5019923608954471,0,0.2459934924000959,0
1.0405475351872353,1.342427824383812,1,0.8201907596614372,1
-0.4795031115827309,1.4168170808687388,1,0.6837321594642254,0
0.07153335350545328,0.26440346087826283,1,0.4153402438430651,0
1.2778874144538659,-1.302906986945087,0,0.595346022126293,1
-0.5860429313686137,0.7266104839284464,1,0.21318668475255986,0
0.7818613855220998,0.6604669758299658,1,0.3519338797004958,1
-1.082337075344142,-1.3791316989895726,0,0.8588241847895008,0
1.0505160751228495,-0.3298079986034918,0,,1
-0.35362164908480376,0.8806715971280896,1,0.3830030578077255,0
0.42926186495955265,1.12667066042637,1,0.7218296412480683,1
0.8880538202299515,-1.474137953715938,0,0.6688254600401322,1
1.5083594063760577,0.38868671334188604,1,0.3476642101252781,1
-0.35042776499926287,1.2299362822483229,1,0.5937270821271559,0
0.9498723959280749,0.8358358898640121,1,0.4685494891192679,1
-0.060099272913530954,1.0023591053487289,1,0.5734694178254178,0
-0.547591554144546,-1.557153746559155,0,0.9836745618437571,0
-1.4474775882000204,0.5899932201331166,1,0.3018295461459041,0
-1.6195908547142814,-1.2885485509779449,0,0.9192172441354419,0
0.7799087983353737,0.8332269476711218,1,0.46983933812725776,1
0.02585547019807132,0.5171288589927742,1,0.4283563886185286,0
-0.5836244271273523,-0.6312556734777335,0,0.3599301040907726,0
0.4306908808566691,-1.0461272823229848,0,0.4533106652223941,1
-1.4195996280354921,-1.5338588403963656,0,,0
-1.4755625413146376,1.4922552748274542,1,0.8014514652209704,0
0.6378366037301523,-0.6764878797707216,0,0.16258488782137848,1
0.4114059310438625,-0.8160724574778453,0,0.32644822228893544,1
0.37473303111648465,0.9927222107898954,1,0.6502433992647209,1
-1.1816957132998571,0.9838308894885851,1,0.4012014305634391,0
-1.4616364204989134,-0.9228772621031116,0,0.6478199151638799,0
-0.5948167254245513,1.4027759621952978,1,0.656048890109831,0
0.3195294384259114,-0.9697572263855264,0,0.4488466139625131,1
0.8316894618227418,1.465910481713508,1,0.9006922972582974,1
0.33297198234420616,1.5580294858976556,1,,1
-0.8884425410525295,0.7201109328855386,1,0.17442887262842013,0
-1.2895777429993347,-1.035210589377784,0,0.6668559399900723,0
-0.3650701060143127,0.879600353826271,1,0.3780609353853455,0
1.3873622921514261,-0.6285827597595789,0,0.23772391588868777,1
0.09344949791893864,0.6570847379062419,1,0.5112123067689119,0
-0.4859034177877193,1.5736510073160714,1,0.7864302539088437,0
-0.7691902322155253,0.6764005866194631,1,0.14568680002203524,0
0.7034518434053465,0.43611932945410786,1,0.21247842713970627,1
0.25807433671756275,-1.0094545171775489,0,0.49581777413807204,1
1.7379915692143737,-0.6760849283819438,0,0.4513881047970178,1
-0.7043072107001113,1.366142207397504,1,0.6200077877983736,0
0.40417880429956704,-0.5158459853723755,0,0.1844805773676776,1
1.3292927325823773,-0.6846722245956026,0,0.23777530683817366,1
0.4367763527694022,0.6389591221968425,1,0.41375099705171736,1
-0.15344758800965355,1.0808899861710695,1,0.5741202362761861,0
0.8695658860094565,-1.5518650583867777,0,0.7223025072674876,1
-0.668058445314864,-1.1228522873799685,0,0.6772965765378307,0
1.7282093184657918,0.8888397635245316,1,0.7029677778481346,1
-1.1854724618346744,-1.0094292596629264,0,0.6272378553407446,0
0.6456406152014219,-1.3265538301072803,0,0.5852864416561593,1
-0.41929370181784587,0.6367291579679325,1,0.2227783444728366,0
-1.367910093965316,-0.3743390504005138,0,0.3075943466475673,0
0.9582148413807323,0.8707008900388397,1,0.49278857664544495,1
-0.10811165845543523,-0.6677379530893562,0,0.5456647781188553,0
0.4744356010479899,-0.4471427179167484,0,0.11805548447755627,1
1.4187116709496614,0.8340780494506852,1,0.555228983905251,1
-0.7640931894790707,1.1155084550799932,1,0.44531700699277393,0
1.1056517304972577,-1.331321698714123,0,0.5842447517183763,1
-0.0053475634512297,-0.9151398535928149,0,0.5746119938510267,1
0.3091540355384683,1.5652653546748354,1,,0
1.0256509768936337,-0.9769113440114117,0,0.3350959586475252,1
1.7430037634420343,-0.7826886005851691,0,0.49436934466812815,1
1.6119804639280322,1.1989044216724416,1,0.8386564182667614,1
0.8053528688871223,1.2434046581823257,1,0.7489890016096226,1
0.9138848252720139,-1.3867403623243137,0,0.6089645052794107,1
-0.678226867117446,-1.2876260938949444,0,0.7885234103603138,0
1.269871241479575,-0.8404899665678005,0,0.3022624734612627,1
-1.0850158906733813,0.3512752632598432,1,0.004891022226444563,0
0.9867037990426157,1.6013833367391521,1,0.9946974974560099,1
-1.1157249269922778,-0.9407859112585943,0,0.5691891323851709,0
-0.4934233723482415,-0.25895740946975665,0,0.16146428096152057,0
-1.1473045427017352,1.1793322384372555,1,0.519184170747612,0
-1.3529556306747095,-0.5455332786412873,0,0.3903183535036775,0
-1.1627666091580222,1.2238438446733044,1,0.5514326041889416,0
1.118136182171059,1.6101876352060873,1,,1
0.7014609004658446,-1.4452109352066613,0,0.6586521330095867,1
0.9533103454475781,1.2080838764449866,1,0.7238912820368386,1
-0.8914639669808776,-1.0470613669783189,0,0.6188416898921898,0
-1.3888471924808314,-0.6091854171335711,0,0.4400383538437298,0
-1.5392858004191068,1.4449166840981091,1,0.7925768859234302,0
1.1769285430262275,1.5699938123617967,1,0.9873369305479192,1
1.3572905050718613,-1.0139590295685585,0,0.43549242732013027,1
-0.5158085618773139,-0.7564221568463131,0,0.4559368784236937,0
-0.032260059239406745,-1.2843737997498976,0,0.7676156604641311,1
1.6032660372804728,-0.6853496697400154,0,0.3774708080484565,1
-0.853084548858851,-1.5313551448220108,0,0.9496746575617218,0
-1.5853173996320427,0.28334653509037455,1,0.3104753150230407,0
0.8924044394135264,0.4368999093486299,1,0.19351916609860678,1
1.0433524592735144,-0.9766025825457937,0,0.3370140512553495,1
-1.5873679427554486,1.4266119649842273,1,0.7980243124683896,0
-0.24289430833923173,1.2275673874345554,1,0.6254436593724899,0
0.7929111182824256,0.7556070815105252,1,0.41590024675374065,1
-1.3701720687937384,-1.1740622332586228,0,0.7755030614692768,0
-0.5171383802370024,1.189758940947106,1,0.527314287879846,0
-0.44101745868613,1.1756075451827934,1,0.5353375976481384,0
0.25863125748658594,-0.7045777630719731,0,0.3428536003967505,1
-1.0038502916428536,-0.49005988240073317,0,0.25116152019249927,0
1.0822406642752078,-0.4771836510442327,0,0.021998192740388056,1
-0.4953281637207626,-0.2581998011546173,0,0.160239333953718,0
1.5293791279473878,1.2438606231603977,1,0.8415604796938863,1
0.9932741179973167,1.2723402104345267,1,0.7695117168371817,1
0.10521110036545064,-0.4850408723624036,0,0.3561012121617096,1
0.545504369435282,-0.7038709261361563,0,0.2105465772737696,1
0.5517304799112763,1.041821954339056,1,0.6408256952787034,1
-0.49716266800239445,0.7464148831773106,1,0.25290715489268334,0
-0.7589295573066998,-0.3996804739254763,0,0.17816538306817567,0
0.27691653647675996,0.702973151285421,1,0.5095047157560364,1
-0.9635845506186341,1.4488420787000693,1,0.6761235672962922,0
1.738151589870316,1.0465696753726246,1,0.7940969254667495,1
-1.1607716871219298,0.9059465040797618,1,0.3465338587846699,0
-1.1912354167457047,0.8109783788511263,1,0.29730963912291375,0
-0.8479654636330004,0.875865422007149,1,0.2794518294615041,0
-0.5875465460372803,0.659461978780852,1,0.17111041768812185,0
-0.5860070197099947,1.3358668895760695,1,0.6123441198565414,0
-0.3774333153797335,-0.5583362744315368,0,0.3745825389399948,0
0.938854999555036,-0.7706234718444808,0,0.18713769526275467,1
-0.9625552451390416,0.4714578252759049,1,0.019583654625585024,0
-0.8708835118752206,1.593990628382682,1,0.7714694257643416,0
-0.9225646715416919,1.1125230289063284,1,0.4441730636461691,0
1.6083780270261132,-0.9850758274343904,0,0.5191190912419055,1
-1.3570264676519344,0.7128173746198995,1,0.309917887558735,0
1.320194248893046,-1.1530410298931093,0,0.509900466695791,1
0.12004306648006871,0.626161003862836,1,0.5178250997409783,0
-0.8029231558678869,-0.5634473205509273,0,0.2872606572483195,0
1.6172300811659248,-0.8051185944633011,0,0.43614918864270497,1
-1.4858463930064174,1.5500750257182223,1,0.8402428945982826,0
-0.5527041757618328,-0.8316792823079474,0,0.49747867031476345,0
-0.8691088313985965,-1.008279248216943,0,0.5917258467412475,0
0.249959562229826,-1.304635942763128,0,0.668572988872628,1
-0.7435970939716409,-1.2628312124459706,0,0.7677454813141682,0
-1.5636363662237778,1.4647585130851526,1,0.8125419111437269,0
1.561430724965713,1.05465147883932,1,0.7349706733759008,1
-0.5023116628426791,-1.2853083562296526,0,0.8070384229358033,0
0.8709961124621973,-1.4102243200562348,0,0.6250619158046692,1
-0.9823516987199763,-1.0838379690833604,0,0.6490510704282095,0
1.2223379193614234,-0.5609575652382555,0,0.12550765454061322,1
1.044215780731569,-1.1330573597612763,0,0.44294699772173207,1
1.3808845212897716,-0.5413539416747302,0,0.1959168499167202,1
1.1269704515323349,0.341331997566664,1,0.16318344828712253,1
-1.0788229911720275,0.42392065323858974,1,0.03527500011443986,0
-1.0046129746427224,-0.3463500100745075,0,0.15686746204764349,0
-0.7165100943389305,1.3417269223812505,1,0.6025071629319951,0
0.49096564369228574,-0.9545820248267542,0,0.3784618396110756,1
-0.3387488798626998,1.5246188702885715,1,0.7837112733022964,0
-1.5806467754373419,1.4601996765653806,1,0.8155655558655136,0
0.45418675733888036,-0.5463033933598697,0,0.1701850842395816,1
1.6232301633098418,1.2849665548567804,1,0.8947421093638139,1
-0.3093866271156198,0.4550125743661048,1,0.2027450654927177,0
-0.6551482149427286,-0.23794889074174072,0,0.09042332632400212,0
1.2799125335044677,0.46436165243038174,1,0.2872661315612935,1
0.4496371613688512,-0.924273778680224,0,0.37388398270873197,1
-0.9617394481451631,-0.5349846605687805,0,0.2750441190266054,0
0.765394292455553,-1.4794530123389098,0,0.6766393794825941,1
-0.8385501895012498,0.3766279726700141,1,,0
-0.4616520542828063,0.8448771179759621,1,0.3236032616377072,0
0.47185319161618994,-0.5388795409417519,0,0.15767562009075323,1
0.3789508040262249,1.5881863650100758,1,,1
-0.9407063249011982,-1.107234670067019,0,0.6621461040248906,0
0.40500393793070133,-1.016638048894857,0,0.4441003001127575,1
-0.4899972826132138,0.9887537838022982,1,0.40410608140156684,0
0.05666172953585719,-1.3009620721407027,0,0.7388923499923062,1
1.0693160909767037,1.0077201398938247,1,0.5945336700694316,1
1.4801243665376331,1.05434477063903,1,0.7093199593468184,1
-0.13778007631791356,0.7352535861668064,1,0.40878990671128146,0
1.538353957965655,-0.8707769929515758,0,0.42866657379295053,1
-1.4401850770451428,-0.7358360093011592,0,0.5313258804886324,0
0.11507570683453136,-0.26423894522079455,0,0.31194842219623203,1
1.7010986891394548,-1.098265686878362,0,0.619508700539856,1
-1.5230588594216075,0.6834712839616525,1,0.38138215080363647,0
0.6059041953262995,0.5244198383617578,1,0.29222550317305795,1
-1.5575417319079503,0.6054205997773782,1,0.37066887725843883,0
-0.884631925084715,0.28602501539891667,1,,0
-0.7456387677440044,1.139555001467899,1,0.4627779579175487,0
1.1900607222401414,-0.4924033524517163,0,0.07561914348276237,1
0.18772185219621015,-1.3963991221778886,0,0.744465057189192,1
-1.314927643501606,0.7992077423236076,1,0.3365611703109315,0
-1.3202420091377347,-0.9743651028843672,0,0.6360478050648851,0
-1.341685102860539,-1.2537476173146442,0,0.8196306059401153,0
1.2047544115528197,-0.6469277248201767,0,0.16551315288999474,1
0.7720067338030738,-0.5814785442869222,0,0.06774609662140695,1
-0.87605381557498,1.0913634512264394,1,0.4275626409307067,0
0.2166454871634578,-0.7639797421796704,0,0.3912893520312634,1
0.3243281419314459,-0.7381152303127414,0,0.3251316952234997,1
-0.18046831880627914,-0.4351762069806408,0,0.39704802695108143,0
-0.1803802312689732,-0.3019462866460163,0,0.3398023773833542,0
1.5093593298005694,-1.3223705550440557,0,0.6713623233823954,1
1.6742581381907227,1.5911268650164225,1,,1
1.0253639026731738,1.2683934620266653,1,0.7686039203093167,1
1.420109305620133,-0.3525896792266423,0,0.15857334378332635,1
1.173399912542313,-0.8117862526724938,0,0.25487776995231043,1
-0.4869964536616302,-0.728427541186231,0,0.44479507382555433,0
0.50022246235148,1.1406337062330874,1,0.7158124941058177,1
0.3223663005194632,-1.2665023949836705,0,0.6218342128976825,1
-0.6829099171342536,0.4480079883136193,1,0.012455482360166494,0
0.026573378643497843,-0.5956036564665658,0,0.4362465557680861,1
1.5977623455102283,0.7980459103165827,1,0.5991875056757848,1
0.21885799938779005,-0.46931717219788927,0,0.27996297659831404,1
-0.9972508401034428,0.8950954214366168,1,0.30462065329965843,0
1.0154737718896134,0.5716059334579968,1,0.2930347969202909,1
0.9552247665088892,1.4158225153306092,1,0.8664333610191614,1
0.7310048394192725,1.310671146404984,1,0.7993154285140127,1
1.3585930940931361,-1.1387044686020003,0,0.5119772653155342,1
0.3860459137870879,0.948283511244128,1,0.6192234843932629,1
0.47534708254749286,1.1035605425076422,1,0.6966017197732758,1
0.6532001091512669,1.4297285161137032,1,0.8872052024893128,1
1.4784280837401655,0.5443180457268627,1,0.41117603625732446,1
0.25725085862162766,-0.757235702595744,0,0.36746180373111426,1
-0.009168704427845847,0.29278180422533545,1,0.36318285893626945,0
-1.607927758197647,-0.21678331860671277,0,0.3792914871320643,0
1.0918566703410566,1.432918356391999,1,0.8858412615722718,1
0.7979512348310478,-0.36911137242327385,0,,1
-0.13195974010522518,0.593891579470163,1,0.35569430117526996,0
-1.4249233461572552,-0.31284211705171594,0,0.3084224398198987,0
-0.6168397877139004,-0.9342835686063121,0,0.5555082931546895,0
-0.62014338126528,0.36441580590639033,1,,0
-0.9474426056007337,1.3165338572197094,1,0.5848683401649003,0
-1.105499518513226,1.2757382325580424,1,0.5753125867565099,0
-1.348389472875287,-1.269208923672377,0,0.8311469585754255,0
0.7570340253656105,-0.5318220916016415,0,0.038624935768653064,1
0.9977456887259251,0.9523870221642184,1,0.5508402229202314,1
-0.9478459983840866,1.2209619612683091,1,0.5197799169696522,0
0.377199270755927,-0.9860662137184757,0,0.4359998995845128,1
-1.5131836900804978,-0.7616590676912705,0,0.5745630306180053,0
0.7454779723145388,-1.3310593572579434,0,0.5768918088505463,1
0.8070048874148353,1.2936549421649766,1,0.7833587703520336,1
-1.6053186490145737,-1.0615478381217598,0,0.7799820283187456,0
0.6093795092592434,-0.8847790946659687,0,0.3011852305088164,1
-1.1220930330049965,0.4577743687426485,1,0.07248773612797066,0
1.1751260610613612,0.5212642486120043,1,0.2896965521605457,1
0.9070484290926126,1.145664450021513,1,0.6801538705693707,1
0.609403686783176,-1.034707771667725,0,0.39802867470021247,1
0.6433868171629751,0.28726998572840096,1,0.13383538976759682,1
-0.8384773976768631,-0.5189240811040653,0,0.25627471993574147,0
0.4477358202490588,0.6815894383675805,1,0.4359323323904683,1
-1.060281792867485,-0.8301757285290328,0,0.4866562384973785,0
1.0263039819199578,1.0709109553834404,1,0.6337726962183655,1
0.3313271981732713,-0.4312518795995018,0,0.19883663528265969,1
-1.478532677289962,0.30766022693176504,1,0.24183827517378742,0
1.4740562442335956,1.34432838255792,1,0.890630629715403,1
-0.6753844544664056,0.45773981733992697,1,0.020764867204542983,0
0.9401509131031407,-1.4714668720650965,0,0.6676131991974771,1
1.2612920684144884,1.5729196338464582,1,1.0,1
-0.07134853485354672,-1.2179499191416008,0,0.750959339944033,1
-0.646537286031001,1.159342508594195,1,0.48565132893517626,0
-1.0144524088085618,0.4696062589377953,1,0.034189856728186196,0
0.10891888804570629,1.31732478243696,1,0.8123333173540155,0
-1.1073810923958451,-1.2566696455777793,0,0.7791898375659044,0
1.5103717834687842,-0.5647421946136602,0,0.27821420917709766,1
1.7516307853340356,-0.5155526053857913,0,0.4109178996366841,1
1.4657150834968062,-1.145581108254992,0,0.550890095552541,1
0.08342106010271677,1.2124421100949774,1,0.7461983721246582,0
-1.5275480479765364,0.4673926870282213,1,0.30839175301522825,0
1.2391758938045447,-0.7494369099688022,0,0.2376546564606217,1
1.264307338722395,-0.48425523264005577,0,0.1088410981049518,1
1.2126195112848157,-1.104041707069987,0,0.45167159086405945,1
0.5093906752693257,-0.7438439144795957,0,0.24710670976195964,1
0.23060442306087547,-0.7552186384280025,0,0.3801210377564065,1
-0.139629897321724,-1.2653643796218257,0,0.8067330480926014,1
-0.33905152502758024,-1.3106998333081543,0,0.8542691083531587,0
1.4350584663810362,0.4257945877703651,1,0.33009157459060895,1
0.06518234172121776,0.4274731399501655,1,0.43332736130852373,0
-0.8702891759664141,-1.3446641592355753,0,0.8220362367904258,0
-0.8716494456003625,0.9692239742701247,1,0.3438664481373133,0
-1.1087498498775952,-0.4884623991285963,0,0.27314998900097853,0
-1.0386827757274357,-1.2733803730683662,0,0.7827492219354841,0
-1.1503845799014332,-1.5049903507540408,0,0.9517544673198179,0
0.8426283379965563,1.3285394531909858,1,0.8061827782423432,1
0.8923355753304164,1.2997126104363097,1,0.7858465152938939,1
-1.399498446356192,-0.3695826521596582,0,0.32082345935214057,0
-0.5307350481140248,1.1630615234520778,1,0.5071036508759367,0
-0.9403409799674612,1.4875034138805032,1,0.7010803177010011,0
-0.42779735142480574,-0.4067947369382087,0,0.2692466269070085,0
-1.573143844768075,-1.261435114280901,0,0.8879217480960591,0
-0.6208084898262822,0.5646385397826111,1,0.10294430340085488,0
-0.9825979206411167,0.27475794976127094,1,,0
-0.4935823944474453,-0.9670014311561803,0,0.5978093839747396,0
-1.528382274946225,1.5878867881551189,1,0.8761579709343646,0
0.14243460998183421,-1.415113323375306,0,0.7713123632774314,1
0.7401624083416245,-0.5193419217597156,0,0.035029632483033014,1
1.3129985483581479,-1.0571840053826,0,0.44797926151135387,1
0.33909198391122813,-1.5375927314529565,0,0.7862112239092429,1
-0.7407519873952914,-0.8905074954192452,0,0.5136544324841106,0
1.326336967722452,1.0534692995174004,1,0.6681681320790979,1
-0.7901238682586973,0.6740205394837143,1,0.1425185539468012,0
-1.059985949953769,0.2818912824072968,1,,0
1.1340237275176404,1.5493019931866026,1,0.9688577790213784,1
-0.25040131970153057,-0.48099407251692883,0,0.38536767302898495,0
0.13143433110889205,-0.21866255130464116,0,0.2979696931988978,1
-0.023478085138747624,0.7765311691047949,1,0.4877637296177442,0
0.0004556251733991782,0.331159329485602,1,0.3743452267189623,0
-0.7500974807245304,-0.8742875165546096,0,0.5020377800858586,0
0.3554498716917362,-0.5176665288233259,0,0.21292683201907828,1
-1.3349030719391661,1.186527151645476,1,0.5710276990842694,0
-1.1479462524140227,-0.8521221773679384,0,0.516688530121112,0
0.7837898664504684,-0.3293681320448168,0,,1
0.26506035926696475,1.410947107088889,1,0.9304238575794785,0
-0.6583898621672694,-1.2373968245097884,0,0.7559444257072907,0
1.5355960193381455,-1.368198650390442,0,0.7076021016112055,1
-1.6055633422868307,1.504747024399406,1,0.8505186410256286,0
-0.6290615870098223,-1.4466906635503691,0,0.9006640513038834,0
-0.11291921547342365,-1.1065531275716125,0,0.7168576136270775,1
1.4761712881884328,0.6023457838487912,1,0.44154109717253415,1
1.2018504553916893,-0.6384919245440904,0,0.15958476958289708,1
-1.1715454590965728,-0.4668051052973757,0,0.27825930230789664,0
-1.4685796382428282,-1.0575259749035513,0,0.7309907555644446,0
-1.0048458037027403,0.4456558351085896,1,0.016717472067649335,0
0.6790774584280269,-1.4962676728679807,0,0.6956426409147528,1
-1.5211000963448404,0.421594701871114,1,0.29239826747001013,0
0.15891991893300342,1.2930503316662825,1,0.821792293504706,0
-0.8869360764371726,0.8701219821799138,1,0.276722469817996,0
1.4583713046286169,-1.4083433843799573,0,0.7086389822090005,1
0.939749233238865,-1.0940958712285997,0,0.4087860529893387,1
-1.01685613319653,-1.3798260373761764,0,0.8531246484280174,0
0.8176727456988361,-1.4181965200673918,0,0.6319194806809216,1
-1.048099743135859,-1.3744194773954341,0,0.8521695275474365,0
0.4387936747154825,-0.5736774506237826,0,0.19049498582721106,1
-0.05020901386893345,0.31592322794710737,1,0.33827700239507014,0
1.5556735513629742,-1.1962435528068562,0,0.6129812218493712,1
-1.5031254558142857,0.34818183974329675,1,0.26498179181326065,0
-1.2086686617277056,-0.9979148086976536,0,0.6244149888140634,0
1.6411903622244,1.117947434059111,1,0.7997099921280563,1
1.6554990118467798,0.2830132483291537,1,0.38580591357227795,1
0.9599458014093231,-0.6465548983003674,0,0.10405215475315625,1
1.063794105765775,0.8458038663463481,1,0.4841682307953531,1
-0.23656118042424662,0.5323049441918941,1,0.27258359298854135,0
1.6733160478006854,-0.5075435286710666,0,0.35913158858455135,1
1.7007736061479999,-0.36020335490075933,0,0.34551360137627857,1
-0.5943817842690168,-0.35796235864876147,0,0.1824762250521882,0
-0.842384203427042,-1.479021198908618,0,0.9137820619664316,0
0.5564796047402574,-0.2161826864523317,0,0.007160684816490104,1
-0.401982342835095,-1.4779824778382675,0,0.9516401367780142,0
1.7032333770100665,0.9657716464051723,1,0.7349385061619406,1
-1.0058939391732606,-1.2057090364320615,0,0.7338463898832932,0
1.6909889625251244,1.4696170292811275,1,,1
-1.2323766314873696,1.2501175576809325,1,0.583687257561122,0
1.425642263997606,-1.3564288447944488,0,0.6668943413035152,1
1.3960205178522156,-1.5497892456769868,0,0.7821912795037841,1
0.976971548974389,-0.5995166105580719,0,0.07419883287566759,1
-0.05512839828825671,-1.0271775872547253,0,0.6507908568600186,1
-0.45754435154194273,1.0021315391558814,1,0.4213534367676978,0
1.5805965942581395,1.0127165891112457,1,0.7163483357329157,1
-0.5242396009829566,1.2444012754669445,1,0.5617826042342259,0
-1.106671341090655,1.2508502704877134,1,0.5589521830978696,0
1.093638994748697,0.6242950117830381,1,0.33949210410845954,1
0.02301530606673114,-0.4957371528227427,0,0.4114048301020065,1
-0.2861584906742349,1.1213005521005732,1,0.5474999308928428,0
-0.18674030613575915,0.40874534488373143,1,0.26563821896529016,0
-0.428399180312081,-0.6375425243313191,0,0.4044116792218995,0
-1.2457076164735117,1.312188672421135,1,0.6267721153883513,0
1.2819817353242953,-0.47991543963020317,0,0.11638532538161854,1
0.05844804782762074,-0.7788234757537355,0,0.4825720022456432,1
1.4979677090207295,0.3952920999854134,1,0.3454968138679024,1
1.2753641082926246,-1.3843882900284559,0,0.6479402687150629,1
-0.5357679955994289,0.7408357686176211,1,0.2368543127439832,0
1.3565893033944603,1.3631710258133511,1,0.8766968898702606,1
-0.26581315939889366,-0.561477317251955,0,0.42061948674015404,0
0.48356289825925447,-0.49204562682089076,0,0.13097752922992134,1
-0.6170864048047253,0.7664422739321037,1,0.23061089503354504,0
-1.611502301155233,1.5260815029113342,1,0.8652230400242245,0
0.6374044853779602,1.2954378391550851,1,0.7979008795914587,1
0.472413018006729,-1.5564145914480858,0,0.7679159867794709,1
-1.0083210881753728,-1.23175088511605,0,0.751749396274017,0
-1.4891466701928842,0.6032414713302259,1,0.33048420208768065,0
1.0914560573627603,0.9097008000373664,1,0.5306732781398064,1
0.023554624687202007,-0.9902867947290885,0,0.5939113795525458,1
-0.7746073731993471,-0.7884845406725415,0,0.44220609462741073,0
0.15984635168075736,-0.6091149948789651,0,0.3601554217423638,1
-0.2925341319641528,-1.5509892176294109,0,,0
0.8304962028005083,0.8489609468204753,1,0.4776522894948918,1
0.36399339857821095,-0.482988319831098,0,0.19544352519385472,1
-1.67898060755164,1.2880337658144698,1,0.7539589298813496,0
-1.4869495100820265,1.2570517898684481,1,0.6630689460720949,0
1.012344725088748,1.5813585611023309,1,0.9820522259869968,1
-0.14259928051362755,0.4266247638990197,1,0.29824627537838433,0
-1.222119494707705,-1.4473019263724634,0,0.9234215541604057,0
1.5234555399421765,1.6074936045821104,1,,1
-0.6257380250950183,-0.642527677172799,0,0.35933843717361974,0
0.6552758811499669,1.2622633877940528,1,0.7734010281288025,1
1.7383206848586894,0.7332569399197286,1,0.6264028670533108,1
-0.9610080474676161,1.1913939807764526,1,0.5006815379719387,0
0.28112733534375584,-1.375227659481254,0,0.7011634027673124,1
0.44246387624785405,1.1507607008774554,1,0.7344756808605978,1
0.41314384891905453,0.8371875709458644,1,0.5421862787211841,1
-1.5861204364420374,-0.8392468796213846,0,0.6469985402313764,0
1.0901504281025005,-0.9627499524766705,0,0.3346236949364687,1
-0.9864451671078992,-0.9002734254047754,0,0.5247432289167029,0
0.4150954526081676,1.1942348283197084,1,0.7688097667802463,1
-1.293766033361488,0.3139346215954944,1,0.12097189701290836,0
0.08986751119490265,-0.842781834741442,0,0.4925929685983823,1
0.49655293911153325,1.528302268051689,1,0.9738464950843251,1
-1.4128216772911544,1.1048582736784593,1,0.5476002013714428,0
1.0614738239980686,0.4174131377175148,1,0.19661387211767112,1
0.8466371199997981,0.9451218869963057,1,0.5430356291458213,1
1.6565927001627796,1.0334948545956981,1,0.7556374420141152,1
0.7170798253893685,0.7275986332886631,1,0.4045840414198208,1
-0.5238157049187872,1.3239004113425192,1,0.6143198356477941,0
0.24837823405957576,-0.7962327918868697,0,0.390283917083855,1
0.15256422949362,-0.870705234078631,0,0.4731546852960568,1
1.3705623826771764,1.536057693752036,1,0.9933313874819952,1
-0.8647017903293226,1.4333220200279386,1,0.661369257904745,0
1.4804042427110153,-1.038759590711239,0,0.494325321651553,1
-0.44216220054533073,0.5773342029806101,1,0.182149758038818,0
1.51657223545493,1.425527704701153,1,0.9531556212808512,1
0.10637875105311817,1.596550692205926,1,0.9656904204199633,0
1.6675857322819025,-0.5725838888812548,0,0.3746215351409096,1
-0.16570286208222396,-0.4320092313146673,0,0.4031196589259439,0
0.7051326965428752,0.7224762405835212,1,0.402752924580652,1
-1.6230293948176,-0.635762432091314,0,0.5577404385097947,0
1.4061730545254623,1.2015044222953024,1,0.7824256878587622,1
0.8469387148303664,0.2746723950802728,1,0.08367049580521735,1
-1.5920872206647925,0.35140359555227607,1,0.3244417998293488,0
-1.1286460673241352,-0.608521189499971,0,0.35455492293984747,0
0.745061118386275,0.47608240613420033,1,0.23163027052098617,1
1.5675022984202112,-1.217441894613566,0,0.62961026694975,1
0.9387933813767896,-0.7907185049822796,0,0.2008882702797036,1
-0.2526532320981975,-1.5334096829006556,0,0.995825969903152,1
-1.230329947058601,1.5564510677653298,1,0.7830001234086015,0
0.8216340894933809,0.48434988742660784,1,0.22863901810700632,1
0.8400136913873665,-0.9285879212585797,0,0.2955009691245115,1
-1.0813005909748863,-1.5331645627055932,0,0.9629982966158556,0
1.5813918241189704,0.7069910774602362,1,0.542531290519193,1
-0.8696174473115502,-0.3342501697342678,0,0.13060488552597432,0
0.6823715503250937,-0.5120923961763885,0,0.04903347718243144,1
-0.758014073694772,0.48614400904497823,1,0.01872515647188188,0
-1.547906520512316,-1.1928688840886263,0,0.8382985583325335,0
-0.8389825058702738,1.1116403794028706,1,0.4408467651412044,0
1.594786092269199,0.3045936170107354,1,0.35858731292609536,1
-1.0330279942693052,0.31237580861966857,1,,0
0.08677301659655971,0.5168560949903301,1,0.46703847911657015,0
-1.325839736478278,0.5830958286250986,1,0.2330582499089667,0
1.1632832289456814,-1.4637083903323826,0,0.6810819839300012,1
-0.3848496210885217,0.8940250882297757,1,0.3791390215580389,0
-1.5166122871046517,0.9483083769404429,1,0.5028697564631912,0
1.2656700358495772,1.5438019687188136,1,0.9810882597818041,1
-0.6959149041664667,0.6895802134687801,1,0.16421924397385942,0
0.2991460215771887,1.1371226899891036,1,0.7619274703725314,1
-0.8676342891136619,-0.6435537839616224,0,0.34206016642071574,0
-0.07572863987258519,-0.5440726342609206,0,0.48654957374140545,1
-1.6493623407840974,-1.042072444754869,0,0.7852964629777883,0
-0.5901887837297994,-0.4592668369627183,0,0.24739071802301432,0
-0.2572533858862094,-1.0923598921096316,0,0.7358714194244286,0
0.4494923761971178,-0.4354395726235119,0,0.12830560728823587,1
1.2620810287376232,1.151951133151583,1,0.7193250523977133,1
1.4847466185005116,0.27199224483481865,1,0.2840670678714287,1
-1.3195971519500933,0.8084256231095909,1,0.3435298171283811,0
-1.363177372869483,1.087371575269826,1,0.5199919430616491,0
-0.23834603305956897,-0.508138676924338,0,0.4047047949064743,0
-0.33529679658247064,0.9715928971325568,1,0.4421657665814768,0
1.2011305145609545,0.8731701604015636,1,0.5238284834163696,1
0.23155364736910047,-1.3289748862490172,0,0.6893438217988931,1
-0.6936157568178912,1.3946148831471832,1,0.6402003684986047,0
-0.21378148178019962,1.2213957444186632,1,0.6316619902535603,0
-0.7429850023882975,-1.2690322937876213,0,0.7720103430721653,0
1.2691335663932306,-1.0616298702560525,0,0.4383961536424888,1
-0.6642470357609104,0.26725039530942846,1,,0
-1.154608047056965,1.5226111933612485,1,0.7475694617872816,0
0.44309907487409983,1.2123270923132052,1,0.7744573279025863,1
1.1461014766065762,-1.392193622779363,0,0.6306109572351479,1
1.423645521288026,-1.346923924483435,0,0.6603838435124804,1
1.3107889174696519,-0.3116333006099369,0,0.07847558587407381,1
1.5753886923967733,1.5517504674237845,1,,1
0.6142302861756482,-0.8491297220751828,0,0.2772400383210836,1
1.7325971240192382,-0.5431332412190333,0,0.4061954486820468,1
-1.3279856493102946,-1.4900852502051647,0,0.9705681143733605,0
0.38875804531598634,-0.8043124735418377,0,0.32954317633336017,1
-0.41712456284464117,0.9508299450379978,1,0.40194813171508864,0
1.415686610249686,-0.4648910539634826,0,0.18726016100446669,1
0.5333541679079249,1.1779729685624627,1,0.734324884971655,1
-1.0653050908592852,1.520138402980627,1,0.7338146666366215,0
0.5357828188093601,1.377483432466614,1,0.8669034635752766,1
0.17902817663936751,-1.127629769264943,0,0.5932758599030303,1
0.24335573458068893,0.7571518269804559,1,0.5531883385933141,1
1.7299093878288758,-0.5741572759414666,0,0.4134174114548367,1
-1.2150863145840267,-0.777261642538653,0,0.483758926454575,0
-1.130218652314911,-0.26835238688127117,0,0.14722078706451225,0
-0.596349710567743,0.4570317967407012,1,0.05051106275878999,0
-1.638081938640517,-0.8916978964949765,0,0.6971118073967224,0
0.7153332557523815,-1.3831376515455351,0,0.6151049420253171,1
0.7880451805271289,0.4203210522856719,1,0.18829115516584732,1
-1.585725011492304,-1.2886365923006167,0,0.9084256927310915,0
-0.5579786205374673,-0.5117430677591415,0,0.28897259624173394,0
0.6483902933217894,-0.9388348759374809,0,0.32717386418287575,1
0.3624284475322124,-1.437107094623326,0,0.7163194259888256,1
1.104459580988131,0.30932906207418304,1,0.13680552435276727,1
1.482864083838846,1.358187035795916,1,0.901682306497972,1
0.8935508088447224,-1.3227510308711568,0,0.5648952138118604,1
-0.7998570973723907,1.0161236662100936,1,0.37593744602064244,0
-0.8928507564288416,-0.6821996387223,0,0.3694209141227376,0
0.27961445702655957,-1.4449849904914376,0,0.7445599870041318,1
-0.7217519492311288,0.7523440288407091,1,0.20221219612297953,0
0.1440509672433032,-0.5050195582057211,0,0.33684511133378037,1
-0.0977551110577769,0.46625438437977046,1,0.3368151079202844,0
-1.1955111593783396,0.9509083181014032,1,0.3843509200948951,0
-1.518554873905535,0.2683228155125341,1,0.26370496428436224,0
1.6846933268614364,-1.2456992085946803,0,0.6913712054936675,1
-1.5445102813401177,-1.2513949135993807,0,0.8728865017494505,0
1.593952680898855,0.6175607770298446,1,0.5009246156273867,1
-0.9679638906736283,1.0061679203084806,1,0.37568667165702313,0
-0.870407608567225,-1.4345760896187096,0,0.8835967388198295,0
1.6282614527679413,0.9925233447826844,1,0.7214683465717149,1
-1.3221588652821414,0.2650305828470368,1,0.13097578124651957,0
0.07871163604360668,1.4337914770506022,1,0.8630682897985125,0
-0.38051313935407466,-0.5355860075809596,0,0.36034318520127473,0
-0.860573497598633,1.3377890194584208,1,0.595898915921191,0
1.7058420280663078,-0.750652865136006,0,0.46082827696264494,1
1.315629565725597,-0.6532335822287222,0,0.21532800529370014,1
-0.10260472309285307,0.3383002164325367,1,0.30649063917421715,0
-1.269430828238963,-1.2487483407373945,0,0.800764805269472,0
0.9591856796647465,-0.748564178559989,0,0.17342865317129155,1
-0.685640950748211,1.3168335670019853,1,0.5879897476188337,0
-1.034864902834683,1.2964665418324994,1,0.5793224204187968,0
0.5160987166338822,0.6259091971306588,1,0.38084984023604274,1
-0.4438764867484105,-1.49797299129412,0,0.9579600416589256,0
-0.34151841378443504,0.9014776110957734,1,0.39945475312884565,0
0.8265699915913846,-0.3171181544680725,0,,1
1.4361505575572664,-0.3134455621052169,0,0.161417716552716,1
1.14383491677935,-0.6121756764398798,0,0.1232427359244067,1
0.2688581494865684,1.013823392489096,1,0.6949511076317118,1
-0.6823479385228001,-1.2660318556968568,0,0.7735176707837828,0
-0.9140165723512997,1.408688913095568,1,0.6459623181809337,0
0.6347860167900504,0.5005478127587704,1,0.26969075968748457,1
-0.05571906554246304,-1.3832887995184346,0,0.8305946578154728,1
-1.169706837450241,-0.3521978918198477,0,0.20999404779286668,0
-0.6056550306543004,-1.3941708957290337,0,0.8672246790400141,0
1.2132576821772945,0.530026503779137,1,0.30562526357891834,1
0.12008129272127717,-0.7075920760723663,0,0.41975124282843274,1
1.2496330218208134,-1.5041066719715916,0,0.7218754386753624,1
0.9948424471707323,-0.3593502863060787,0,,1
1.59624728937084,0.39692668711428275,1,0.3971692521501281,1
0.2874064220723181,0.5244679675026989,1,0.4083675418776161,1
-0.17611614221411742,-1.17572601677578,0,0.7809806254527957,1
-0.7241808905820315,-0.9607795100530554,0,0.5626339647362769,0
0.5446340246209469,-1.2406201864646351,0,0.5462095828044528,1
-1.2707008496600833,-1.4138169043649456,0,0.9095344456013099,0
-0.06657433750368802,1.610703459165179,1,0.913656797337223,0
-1.4075697278837276,-1.1554394165153046,0,0.7735952446638932,0
1.3436510858138284,-1.1040443705815115,0,0.48609102668446363,1
1.1966495007646345,1.341550246989,1,0.8354663646224477,1
0.057594583257745774,-0.27845330992780554,0,0.3523045932252231,1
0.7844814022030332,1.4418745780547124,1,0.8858752758832897,1
-1.130526301881922,-0.5869576796844261,0,0.34124986495031356,0
-0.6503029383065001,0.9910969735915187,1,0.37227080619331115,0
-1.598595840327971,-0.39617022251268236,0,0.43755662707042925,0
1.1112363765310982,0.7865331293800678,1,0.4506027708429457,1
-0.1759897299839745,0.5347604213691912,1,0.30914087771116683,0
-1.63200104497852,0.8732376910540722,1,0.5217144645065006,0
0.18318751705367095,1.5936006001511747,1,0.9937092193983648,0
1.3752903894072175,-0.3785774824373974,0,0.13620200608743038,1
0.21591228759444256,-0.8752823247042982,0,0.44447611144903876,1
1.6322044086125966,0.992579264882219,1,0.7229503150189436,1
1.4468313907544703,0.5275071935879281,1,0.3885776250375188,1
-0.32514212680135424,-0.8788262270397698,0,0.5838350023169215,0
-0.889525093026192,1.1254438423154334,1,0.45133289295586876,0
-1.334384340015368,0.9806086951679167,1,0.44698492316099575,0
-0.8753690638672116,-0.8969927442231407,0,0.5156973426044082,0
-0.5466065281828805,-0.745171242488969,0,0.44195680975053103,0
-0.7939975892754382,1.1418239682057003,1,0.4621131611421054,0
0.39840611076249605,0.7599769895942157,1,0.49931797561959246,1
-1.0406073600713552,-0.7422098794683741,0,0.42492662729448755,0
1.2375442076741938,-0.9791812460789809,0,0.37782479944202085,1
1.5967280106074926,-0.911589243580811,0,0.4765301369130339,1
-0.5203294015733333,1.0140037477459904,1,0.4125930979609417,0
-0.9986266221759729,0.4952069701819956,1,0.04455328643364342,0
1.4748803947819737,0.5718886624127876,1,0.4244257302805474,1
-1.6022944573164573,1.46559183862076,1,0.8262055911758149,0
0.6902521773210397,-1.475961123621088,0,0.6806784862639893,1
-0.544220724750587,-0.27957480020136805,0,0.15225275761133794,0
-0.9254684986560654,1.2755889068720252,1,0.5556050602295928,0
1.6889554341944335,1.069652777278002,1,0.7885144876734866,1
-1.592041869889783,1.0334337420347712,1,0.5807550125884174,0
-0.557747979962529,0.3861602865070106,1,0.034809824852345635,0
-1.0489791849729702,0.9852900773788934,1,0.372958069434802,0
-0.3181571390182404,0.993948370891789,1,0.46136188795029454,0
-0.5753932979757228,-0.6081359828288958,0,0.34663932849511886,0
-1.0495703168986623,1.4694874439374495,1,0.697828837013666,0
-1.1024753428647989,-0.8235896126087853,0,0.48925476195694584,0
0.5688227248132419,-0.5846502980843167,0,0.1345841663976187,1
-1.1497866041011988,-1.002660616045627,0,0.6160934437754944,0
-0.7847415260970408,-1.5126781456837883,0,0.9373472749575149,0
0.868004298854389,-1.329653653212479,0,0.5697967396018808,1
0.08620263043214421,1.1662187516367162,1,0.7238882835520986,0
1.7371021984618045,-0.8356436426314554,0,0.512943957853384,1
1.0989858425342562,1.3827073127976237,1,0.8522809989999084,1
0.3884226316503414,-0.38625526139705085,0,0.15047796945157907,1
0.3371908020427806,-1.1024349744332442,0,0.5184583451218857,1
-1.2441215928983245,0.884004938960053,1,0.35862394371884604,0
0.7267873291824539,-0.6627511891418887,0,0.13028965177873772,1
0.22647598627481355,-1.3987905040443203,0,0.7329238504041286,1
-0.5657226074130228,-0.26748388515451105,0,0.13731605028259325,0
-0.7523538899191407,1.5913887753901972,1,0.7710403654662465,0
0.2537069584038362,1.375114374310044,1,0.9069188487642936,0
-0.26481638479975644,1.3840593439920015,1,0.714122359574673,0
-0.19420864116360922,-0.8857339489805202,0,0.6312331134388178,0
-0.9259061287017696,-1.1161512708379633,0,0.6674578249481838,0
0.8198565592776542,-1.446216943332598,0,0.6510372516400579,1
0.7583175619063238,1.0046567392562662,1,0.5884459561814311,1
-1.0700000951318536,1.3575984704628556,1,0.6248818467160834,0
-1.2743991977944484,-0.7943229995971739,0,0.5105866493575256,0
0.9988067852657823,-0.6273905614510237,0,0.09609024703017162,1
-0.5966317837877045,-1.0761907347622137,0,0.6535370272862954,0
-1.6336505947804874,0.9862388112405129,1,0.5761817196768683,0
0.45849648719236624,-0.7081702938956425,0,0.2481001790883492,1
1.120330991653004,-0.8122657520808733,0,0.24168375456602914,1
1.4949554616981169,-1.3663172593846173,0,0.6935466697893385,1
0.9962711231391197,-1.232760529859323,0,0.5066581992714633,1
0.9891062357509155,1.0959814458838462,1,0.6485564654509336,1
-1.0141381921448793,-1.0526762018229396,0,0.63075334585931,0
-0.5290657696391048,1.3801118781191082,1,0.6506755702848063,0
-0.7511136043341652,1.175249750004777,1,0.4868029410297477,0
-0.06705410350908897,0.7875716847121261,1,0.46896461324877076,0
0.25364070018797696,-0.8536815664119971,0,0.415890941304593,1
-0.5299282166511782,0.7875745086652334,1,0.2672508954935119,0
0.21620051607727364,-1.421279203634528,0,0.7498588627205707,1
0.1649359770955924,-0.998059939125002,0,0.5302236248139183,1
-0.8081058749368379,1.3468315213806459,1,0.6021240550213204,0
0.7004132383099301,0.37576874138439276,1,0.17376433156358181,1
-0.06655979821460456,-0.27098193947781335,0,0.3944063423204655,0
-0.042697875224485815,0.3039450271972263,1,0.34181654327005373,0
-0.7961763331552677,-0.5007750685505337,0,0.24463826579262568,0
0.3319498849200737,-1.5254591489606664,0,0.780358190376633,1
-0.8075510878706205,-0.6423749639690868,0,0.3411444843290262,0
-0.2030199949281202,-1.3142572361546363,0,0.8610456593147957,1
-1.6292267532811286,-0.8804012995278164,0,0.6872829462721485,0
0.24980478017643726,1.0328008909832087,1,0.7125822426587262,1
-0.8598364379128436,-0.5398966976121533,0,0.2709227293468639,0
0.03860729171885465,0.8791830030423328,1,0.5646957587170752,0
0.9997002791043402,0.9786796562976854,1,0.5689366078938913,1
-0.9670998542492175,1.1138790564727046,1,0.4485769215265102,0
0.749129594343126,-0.2846246318862075,0,,1
0.7909847387896898,0.6919868495678206,1,0.37263811897437404,1
1.134230516429381,-1.0350254243078258,0,0.3903630208485373,1
1.5575388803865695,-0.34613702574686006,0,0.24771759271296476,1
-1.3310607137722135,1.5932052658473395,1,0.8277174712254431,0
0.7534307879639885,0.6109172225001491,1,0.32127487711532193,1
-1.4278410958376102,-0.7555792752743579,0,0.5379565777976822,0
1.0696582864693447,1.230840651814265,1,0.7462961591953091,1
1.1724984859600578,-1.5314466207301867,0,0.7278968355554332,1
-0.9006183549132559,1.5548607892923074,1,0.7454151146266403,0
1.6664051492946361,-1.2107636967384328,0,0.6646311346659739,1
0.1481361519724575,-0.5994654169330271,0,0.3637454405026766,1
1.47946322893378,0.7512077418325719,1,0.5268569388775951,1
-1.1577468913665685,-0.3035770580434199,0,0.17778151698859315,0
1.1674691425068113,-1.105971181214246,0,0.44348538642737223,1
0.08841037327470017,0.9801038910552387,1,0.635508639286081,0
-1.63318022919812,1.0289668549116773,1,0.5972455516592019,0
0.40795361302103117,-0.4702517438555372,0,0.1650780022729563,1
0.3779915919196536,0.6614488511072366,1,0.4475185335472484,1
0.4219619473354591,0.7825884233088574,1,0.5057979294103074,1
-0.44907451522006286,1.522224440993719,1,0.7588649518927526,0
1.2199163426957909,0.530674145337703,1,0.307947786344327,1
0.8481685500050936,-0.5217158780139797,0,0.016817257447399432,1
1.3713740808098012,-1.3860025660635826,0,0.6710805396114362,1
0.8223319106065957,-1.5268323992853765,0,0.7062099450698065,1
-0.15169068562866342,-1.5105479374454476,0,0.9400021692766825,1
0.6528443611967096,0.8530037028519839,1,0.4979947222040568,1
1.3799401687313353,1.4956932185531144,1,0.9684663152216515,1
